,,,,,,,,,,,,,,,,,,,,,,,,,,,,,,,,,,,,,,,,,,,,,,,,,,,,,,,
,,,,,,,,,,,,,,,,,,,,,,,,,,,,,,,,,,,,,,,,,,,,,,,,,,,,,,,
Species name,Genus,species,ssp / var.,Full name,Code genus,Code sp,Code full,"Length (or diameter, if round) min","Length (or diameter, if round) max","Length (or diameter, if round) mid-range","Width (or diameter, if round) min","Width (or diameter, if round) max","Width (or diameter, if round) mid-range",Height (usually min of the 3 dimension) min,Height (usually min of the 3 dimension) max,Height (usually min of the 3 dimension) mid-range,Aperture size (long axis) min,Aperture size (long axis) max,Aperture size (long axis) mid-range,Aperture size (short axis) min,Aperture size (short axis) max,Aperture size (short axis) mid-range,Shell compression ratio height / width,Calculated category 1: Circular cross section or almost h/w>0.8),Calculated category 2: moderatly compressed (h/w 0.4-0.8),Calculated category 3 strongly compressed (h/w <0.4),Calculated compression category 1: Circular cross section or almost h/w>0.8); 2: moderatly compressed (h/w 0.4-0.8); 3 strongly compressed (h/w <0.4),Rapid guess_1,Shell elongation ratio length / width,Calculated category 1: Circular or almost: l/w<1.2),Calculated category 2: moderatly elongated (l/w 1.2-2),Calculated category 13 strongly compressed (1/w >2),Calculated elongation category 1: Circular or almost: l/w<1.2); 2: moderatly elongated (l/w 1.2-2); 3 strongly elongated (1/w >2),Rapid guess_2,Shell volume calculation from compiled biometric data Length,Shell volume calculation from compiled biometric data Width,Shell volume calculation from compiled biometric data Height,Shell volume calculation from compiled biometric data Shell volume (for codes see separate spreadsheet),Biovolume calculation from compiled biometric data Length,Biovolume calculation from compiled biometric data Width (80%),Biovolume calculation from compiled biometric data Height (80%),Biovolume calculation from compiled biometric data Biovolume (for codes see separate spreadsheet),Material 1: protein; 2: silica; 3: Si+Organic; 4: calcite; 5: recycled idiosomes; 6: xenosomes ,Origin or material 1: self-secreted; 2: mix self-secreted + xenosome; 3: xenosomes /recycled idiosomes,Aperture position 1: Ventral-central; 2: ventral off-central; 3: subterminal; 4: terminal,Nr apertures 1 or 2,"Taxonomy 1: Arcellinida; 2: Euglyphida; 3: Stramenopiles, 4: other",Pseudopod type 1: Broad; 2: narrow; 3: n.a.,Metabolism 1: heterotroph; 2: mixotroph,Shell_symmetry,Ap_shape,Ap_invag,References,Remarks,Contributor
Species name,Genus,species,ssp / var.,Full name,Code genus,Code sp,Code_full,L_min,L_max,L_mid,W_min,W_max,W_mid,H_min,H_max,H_mid,ApL_min,ApL_max,ApL_mid,ApW_min,ApW_max,ApW_mid,Compres_ratio,Calculated category 1: Circular cross section or almost h/w>0.8),Calculated category 2: moderatly compressed (h/w 0.4-0.8),Calculated category 3 strongly compressed (h/w <0.4),Compres_categ,Rapid guess_1,Elong_ratio,Calculated category 1: Circular or almost: l/w<1.2),Calculated category 2: moderatly elongated (l/w 1.2-2),Calculated category 13 strongly compressed (1/w >2),Elong_categ,Rapid guess_2,Shell volume calculation from compiled biometric data Length,Shell volume calculation from compiled biometric data Width,Shell volume calculation from compiled biometric data Height,Shell_vol,Biovolume calculation from compiled biometric data Length,Biovolume calculation from compiled biometric data Width (80%),Biovolume calculation from compiled biometric data Height (80%),Biovol,Material,Mat_origin,Ap_position,Ap_n,Taxo,Pseudopod,Mixo,Shell_symmetry,Ap_shape,Ap_invag,References,Remarks,Contributor
Alabasta (Nebela) longicollis,Alabasta,longicollis,,Alabasta longicollis ,Alab,long,Alab long,120,140,130,40,45,43,31,36,34,19,22,20,15,17,16,0.79,,2,,2,,3.06,,,3,3,,130,43,34,123945,105,34,27,64160,5,3,4,1,1,1,1,,,,,,Mitchell
Alabasta (Nebela) militaris  ,Alabasta,militaris,,Alabasta militaris ,Alab,mili,Alab mili,50,70,60,25,41,33,11,16,14,15,20,18,7,9,8,0.42,,2,,2,,1.82,,2,,2,,60,33,14,18143,37,26,11,7231,5,3,4,1,1,1,1,biradial,oval,absent,,,Mitchell
Alocodera cockayni broad,Alocodera,cockayni,var broad,Alocodera cockayni var broad,Aloc,c_br,Aloc c_br,126,132,129,96,101,99,48,56,52,32,34,33,24,26,25,0.53,,2,,2,,1.31,,2,,2,,129,99,52,440492,70,79,42,154051,1,1,4,1,1,1,1,,,,,,Mitchell
Alocodera cockayni narrow,Alocodera,cockayni,var narrow,Alocodera cockayni var narrow,Aloc,c_na,Aloc c_na,110,125,117,66,86,76,24,50,37,25,38,31,11,25,18,0.48,,2,,2,,1.54,,2,,2,,117,76,37,219246,68,61,29,81528,1,1,4,1,1,1,1,,,,,,Mitchell
Amphitrema stenostoma,Amphitrema,stenostoma,,Amphitrema stenostoma ,Amph,sten,Amph sten,45,97,71,25,54,40,17,36,27,6,13,10,6,13,10,0.67,,2,,2,,1.79,,2,,2,,71,40,27,49885,44,32,21,19726,6,3,4,2,3,1,2,biradial,oval,absent,,,Mitchell
Amphitrema wrightianum,Amphitrema,wrightianum,,Amphitrema wrightianum ,Amph,wrig,Amph wrig,50,95,73,37,70,53,25,47,36,7,13,10,7,13,10,0.67,,2,,2,,1.36,,2,,2,,73,53,36,91956,40,43,28,32579,6,3,4,2,3,1,2,biradial,oval,absent,,,Mitchell
Apodera angatakere,Apodera,angatakere,,Apodera angatakere ,Apod,anga,Apod anga,123,220,171,83,154,118,38,74,56,23,46,34,12,21,17,0.47,,2,,2,,1.45,,2,,2,,171,118,56,755825,97,95,45,274375,5,3,4,1,1,1,1,,,,,,Mitchell
Apodera vas broad,Apodera,vas,var broad,Apodera vas var broad,Apod,v_br,Apod v_br,135,176,156,90,152,121,30,55,43,33,38,35,24,27,26,0.35,,,3,3,,1.29,,2,,2,,156,121,43,533106,84,97,34,185186,5,3,4,1,1,1,1,,,,,,Mitchell
Apodera vas skinny,Apodera,vas,var narrow,Apodera vas var narrow,Apod,v_na,Apod v_na,107,145,126,65,89,77,32,60,46,23,37,30,13,30,22,0.60,,2,,2,,1.63,,2,,2,,126,77,46,297056,75,62,37,113131,5,3,4,1,1,1,1,,,,,,Mitchell
Arcella arenaria,Arcella,arenaria,,Arcella arenaria ,Arce,aren,Arce aren,70,91,81,70,91,81,10,25,18,14,18,16,14,18,16,0.22,,,3,3,,1.00,1,,,1,,81,81,18,44534,40,64,14,8907,1,1,1,1,1,1,1,radial,round,invaginated,Mazei & Tzyganov 2006; Deflandre (1928),,Mitchell
Arcella arenaria compressa,Arcella,arenaria,compressa,Arcella arenaria compressa,Arce,a-co,Arce a-co,70,80,75,70,80,75,5,6,6,9,10,10,9,10,10,0.07,,,3,3,,1.00,1,,,1,,75,75,6,12149,38,60,4,2430,1,1,1,1,1,1,1,radial,round,invaginated,Mazei & Tzyganov 2006; ,,Mitchell
Arcella arenaria v. sphagnicola,Arcella,arenaria,sphagnicola,Arcella arenaria sphagnicola,Arce,a-sp,Arce a-sp,80,125,103,80,125,103,28,39,34,16,18,17,16,18,17,0.33,,,3,3,,1.00,1,,,1,,103,103,34,138214,51,82,27,27643,1,1,1,1,1,1,1,,,,Mazei & Tzyganov 2006; ,,Mitchell
Arcella artocrea  ,Arcella,artocrea,,Arcella artocrea ,Arce,arto,Arce arto,184,216,200,184,216,200,46,64,55,36,42,39,36,42,39,0.28,,,3,3,,1.00,1,,,1,,200,200,55,863938,100,160,44,172788,1,1,1,1,1,1,1,radial,round,invaginated,Mazei & Tzyganov 2006; ,,Mitchell
Arcella bathystoma,Arcella,bathystoma,,Arcella bathystoma,Arce,bath,Arce bath,52,78,65,52,78,65,16,35,26,14,29,22,14,29,22,0.39,,,3,3,,1.00,1,,,1,,65,65,26,42308,33,52,20,8462,1,1,1,1,1,1,1,,,,Todorov and Bankov 2019,,Mitchell
Arcella catinus,Arcella,catinus /arenaria,,Arcella catinus /arenaria ,Arce,aren,Arce cati,77,120,99,77,120,99,32,46,39,19,26,22,19,26,22,0.40,,,3,3,,1.00,1,,,1,,99,99,39,148593,49,79,31,29719,1,1,1,1,1,1,1,radial,round,invaginated,Mazei & Tzyganov 2006; ,,Mitchell
Arcella conica  ,Arcella,conica,,Arcella conica ,Arce,coni,Arce coni,60,80,70,60,80,70,31,48,40,20,22,21,20,22,21,0.56,,2,,2,,1.00,1,,,1,,70,70,40,76007,35,56,32,15201,1,1,1,1,1,1,1,radial,round,invaginated,Mazei & Tzyganov 2006; ,,Mitchell
Arcella costata,Arcella,costata,,Arcella costata ,Arce,cost,Arce cost,65,100,83,65,100,83,44,44,44,17,17,17,17,17,17,0.53,,2,,2,,1.00,1,,,1,,83,83,44,117604,41,66,35,23521,1,1,1,1,1,1,1,radial,round,invaginated,Mazei & Tzyganov 2006; ,,Mitchell
Arcella costata angulosa,Arcella,costata,angulosa,Arcella costata angulosa,Arce,c-an,Arce c-an,60,63,62,60,63,62,23,39,31,11,11,11,11,11,11,0.50,,2,,2,,1.00,1,,,1,,62,62,31,46044,31,49,25,9209,1,1,1,1,1,1,1,,,,Mazei & Tzyganov 2006; ,,Mitchell
Arcella dentata,Arcella , dentata,,Arcella dentata,Arce,dent,Arce dent,96,161,129,96,161,129,33,44,39,35,58,47,35,58,47,0.30,,,3,3,,1.00,1,,,1,,129,129,39,249647,64,103,31,49929,1,1,1,1,1,1,1,,,,Todorov and Bankov 2019,,Mitchell
Arcella discoides  ,Arcella,discoides,,Arcella discoides ,Arce,disc,Arce disc,120,130,125,120,130,125,25,31,28,45,46,46,45,46,46,0.22,,,3,3,,1.00,1,,,1,,125,125,28,171806,63,100,22,34361,1,1,1,1,1,1,1,radial,round,invaginated,Mazei & Tzyganov 2006; Deflandre (1928),,Mitchell
Arcella gibbosa  ,Arcella,gibbosa,,Arcella gibbosa ,Arce,gibb,Arce gibb,80,110,95,80,110,95,50,75,63,17,30,24,17,30,24,0.66,,2,,2,,1.00,1,,,1,,95,95,63,221507,48,76,50,44301,1,1,1,1,1,1,1,radial,round,invaginated,,,Mitchell
Arcella hemispherica  ,Arcella,hemispherica,,Arcella hemispherica ,Arce,hemi,Arce hemi,38,68,53,38,68,53,23,37,30,10,20,15,10,20,15,0.57,,2,,2,,1.00,1,,,1,,53,53,30,33093,27,42,24,6619,1,1,1,1,1,1,1,radial,round,invaginated,,,Mitchell
Arcella megastoma,Arcella , megastoma,,Arcella megastoma,Arce,mega,Arce mega,208,309,259,208,309,259,60,90,75,83,162,123,83,162,123,0.29,,,3,3,,1.00,1,,,1,,259,259,75,1968078,129,207,60,393616,1,1,1,1,1,1,1,,,,Todorov and Bankov 2019,,Mitchell
Arcella minor,Arcella,minor,,Arcella minor ,Arce,mino,Arce mino,,,,,,,,,,,,,,,,,,,,,,,,,,,,,,,,,,,,1,1,1,1,1,1,1,,,,,,Mitchell
Arcella polypora  ,Arcella,polypora,,Arcella polypora ,Arce,poly,Arce poly,120,125,123,120,125,123,25,36,31,37,43,40,37,43,40,0.25,,,3,3,,1.00,1,,,1,,123,123,31,179735,61,98,24,35947,1,1,1,1,1,1,1,,,,,,Mitchell
Arcella pygmaea,Arcella,pygmaea,,Arcella pygmaea ,Arce,pygm,Arce pygm,27,27,27,27,27,27,13,13,13,7,7,7,7,7,7,0.48,,2,,2,,1.00,1,,,1,,27,27,13,3722,14,22,10,744,1,1,1,1,1,1,1,,,,,,Mitchell
Arcella rotundata,Arcella,rotundata,,Arcella rotundata ,Arce,rotu,Arce rotu,36,53,45,36,53,45,22,32,27,10,15,13,10,15,13,0.61,,2,,2,,1.00,1,,,1,,45,45,27,20996,22,36,22,4199,1,1,1,1,1,1,1,radial,round,invaginated,,,Mitchell
Arcella rotundata stenostoma undulata,Arcella,rotundata,stenostoma undulata,Arcella rotundata stenostoma undulata,Arce,r-su,Arce r-su,39,52,46,39,52,46,18,28,23,9,16,13,9,16,13,0.51,,2,,2,,1.00,1,,,1,,46,46,23,18699,23,36,18,3740,1,1,1,1,1,1,1,,,,,,Mitchell
Arcella sp.,Arcella,sp.,,Arcella sp. ,Arce,sp.,Arce sp.,,,,,,,,,,,,,,,,,,,,,,,,,,,,,,,,,,,,1,1,1,1,1,1,1,,,,,,Mitchell
Arcella vulgaris  ,Arcella,vulgaris,,Arcella vulgaris ,Arce,vulg,Arce vulg,100,145,123,100,145,123,52,73,63,30,47,39,30,47,39,0.51,,2,,2,,1.00,1,,,1,,123,123,63,368309,61,98,50,73662,1,1,1,1,1,1,1,radial,round,invaginated,,,Mitchell
Archerella (Amphitrema) flavum  ,Archerella,flavum,,Archerella flavum ,Arch,flav,Arch flav,45,77,61,26,44,35,16,27,21,6,10,8,3,5,4,0.60,,2,,2,,1.74,,2,,2,,61,35,21,30018,37,28,17,11736,1,1,4,2,3,1,2,biradial,oval,absent,,,Mitchell
Argynnia (Nebela) caudata,Argynnia,caudata,,Argynnia caudata ,Argy,caud,Argy caud,76,90,83,58,70,64,16,19,18,16,24,20,10,15,13,0.28,,,3,3,,1.30,,2,,2,,83,64,18,62957,45,51,14,21941,5,3,4,1,1,1,1,,,,,,Mitchell
Argynnia (Nebela) dentistoma  ,Argynnia,dentistoma,,Argynnia dentistoma ,Argy,dent,Argy dent,66,111,89,58,115,87,40,90,65,14,26,20,11,20,15,0.75,,2,,2,,1.02,1,,,1,,89,87,65,331728,45,69,52,106889,5,3,4,1,1,1,1,biradial,oval,absent,,,Mitchell
Argynnia (Nebela) dentistoma laevis,Argynnia,dentistoma,laevis,Argynnia dentistoma laevis,Argy,d-la,Argy d-la,100,100,100,100,100,100,33,33,33,29,29,29,21,21,21,0.33,,,3,3,,1.00,1,,,1,,100,100,33,222222,50,80,27,71111,5,3,4,1,1,1,1,,,,,,Mitchell
Argynnia (Nebela) retorta,Argynnia,retorta,,Argynnia retorta ,Argy,reto,Argy reto,128,147,138,58,70,64,58,70,64,20,25,23,20,25,23,1.00,1,,,1,,2.15,,,3,3,,138,64,64,450560,92,51,51,193853,5,3,4,1,1,1,1,,,,,,Mitchell
Argynnia (Nebela) spicata,Argynnia,spicata,,Argynnia spicata ,Argy,spic,Argy spic,120,140,130,100,125,113,55,69,62,32,40,36,27,32,29,0.55,,2,,2,,1.16,1,,,1,,130,113,62,601512,68,90,49,201466,5,3,4,1,1,1,1,,,,,,Mitchell
Argynnia (Nebela) vitraea  ,Argynnia,vitraea,,Argynnia vitraea ,Argy,vitr,Argy vitr,155,230,193,102,145,124,34,48,41,28,27,28,21,20,21,0.33,,,3,3,,1.56,,2,,2,,193,124,41,652457,112,99,33,243781,5,3,4,1,1,1,1,biradial,oval,absent,,,Mitchell
Argynnia (Nebela) vitraea sphagni,Argynnia,vitraea,sphagni,Argynnia vitraea sphagni,Argy,v-sh,Argy v-sh,95,120,108,63,76,69,21,25,23,17,14,16,13,11,12,0.33,,,3,3,,1.56,,2,,2,,108,69,23,114013,63,55,18,42570,5,3,4,1,1,1,1,,,,,,Mitchell
Assulina muscorum  ,Assulina,muscorum,,Assulina muscorum ,Assu,musc,Assu musc,28,58,43,19,50,35,16,22,19,6,18,12,4,12,8,0.55,,2,,2,,1.25,,2,,2,,43,35,19,18791,23,28,15,6458,3,1,4,1,2,2,1,biradial,oval,absent,L?ftenegger &  Foissner (1991),,Mitchell
Assulina quadratum,Assulina,quadratum,,Assulina quadratum ,Assu,quad,Assu quad,46,47,47,34,40,37,29,18,23,10,15,13,7,10,8,0.62,,2,,2,,1.26,,2,,2,,47,37,23,26514,25,30,18,9138,3,1,4,1,2,2,1,,,,,,Mitchell
Assulina scandinavica  ,Assulina,scandinavica,,Assulina scandinavica ,Assu,scan,Assu scan,80,120,100,70,110,90,39,42,41,15,30,23,10,20,15,0.45,,2,,2,,1.11,1,,,1,,100,90,41,243000,52,72,32,80352,3,1,4,1,2,2,1,,,,,,Mitchell
Assulina seminulum  ,Assulina,seminulum,,Assulina seminulum ,Assu,semi,Assu semi,60,92,76,50,75,63,20,35,28,15,23,19,10,15,13,0.44,,2,,2,,1.22,,2,,2,,76,63,28,87083,40,50,22,29672,3,1,4,1,2,2,1,biradial,oval,absent,,,Mitchell
Awerintzewia cyclostoma,Awerintzewia , cyclostoma,,Awerintzewia   cyclostoma ,Awer,cycl,Awer cycl,146,178,162,98,121,110,73,90,82,31,54,43,,,,0.74,,2,,2,,1.48,,2,,2,,162,110,82,963819,93,88,65,352784,6,3,4,1,1,1,1,,,,Todorov and Bankov 2019,,Mitchell
Bullinularia indica  ,Bullinularia,indica,,Bullinularia indica ,Bull,indi,Bull indi,160,179,170,190,250,220,120,130,125,91,119,105,13,17,15,0.57,,2,,2,,0.77,1,,,1,,170,220,125,3107500,79,176,100,925922,6,3,2,1,1,1,1,bilateral,slit-like,criptic,,,Mitchell
Campascus minutus,Campascus,minutus,,Campascus minutus ,Camp,minu,Camp minu,50,69,60,20,42,31,20,34,27,9,13,11,9,13,11,0.87,1,,,1,,1.91,,2,,2,,60,31,27,40274,38,25,22,16405,2,1,3,1,2,2,1,,,,,,Mitchell
Centropyxis aculeata  ,Centropyxis,aculeata,,Centropyxis aculeata ,Cent,acul,Cent acul,110,160,135,110,160,135,44,64,54,31,60,46,31,60,46,0.40,,2,,2,,1.00,1,,,1,,135,135,54,656100,68,108,43,209952,6,3,2,1,1,1,1,bilateral,round,invaginated,,,Mitchell
Centropyxis aculeata gibbosa,Centropyxis,aculeata,gibbosa,Centropyxis aculeata gibbosa,Cent,ac-g,Cent ac-g,,,,,,,,,,,,,,,,,,,,,,,,,,,,,,,,,,,,6,3,2,1,1,1,1,,,,,,Mitchell
Centropyxis aculeata oblonga,Centropyxis,aculeata,oblonga,Centropyxis aculeata oblonga,Cent,ac-o,Cent ac-o,100,160,130,95,120,108,52,84,68,103,165,134,33,53,43,0.63,,2,,2,,1.21,,2,,2,,130,108,68,634421,69,86,54,215762,6,3,2,1,1,1,1,,,,,,Mitchell
Centropyxis aerophila  ,Centropyxis,aerophila,,Centropyxis aerophila ,Cent,aero,Cent aero,53,85,69,42,66,54,36,58,47,21,28,25,15,21,18,0.87,1,,,1,,1.28,,2,,2,,69,54,47,116304,37,43,37,40319,6,3,2,1,1,1,1,bilateral,round,invaginated,Deflandre (1929),,Mitchell
Centropyxis aerophila sphagnicola,Centropyxis,aerophila,sphagnicola,Centropyxis aerophila sphagnicola,Cent,ae-s,Cent ae-s,49,66,58,49,66,58,26,35,31,25,30,28,18,20,19,0.54,,2,,2,,1.00,1,,,1,,58,58,31,67896,29,46,25,21727,6,3,2,1,1,1,1,bilateral,round,invaginated,,,Mitchell
Centropyxis aerophila v. minuta,Centropyxis,aerophila,minuta,Centropyxis aerophila minuta,Cent,a-mi,Cent a-mi,,,,,,,,,,,,,,,,,,,,,,,,,,,,,,,,,,,,6,3,2,1,1,1,1,,,,,,Mitchell
Centropyxis cassis  ,Centropyxis,cassis,,Centropyxis cassis ,Cent,cass,Cent cass,55,86,71,45,73,59,30,49,39,27,42,34,17,27,22,0.67,,2,,2,,1.19,1,,,1,,71,59,39,109071,37,47,31,36944,6,3,2,1,1,1,1,bilateral,round,invaginated,,,Mitchell
Centropyxis constricta  ,Centropyxis,constricta,,Centropyxis constricta ,Cent,cons,Cent cons,120,150,135,75,100,88,66,83,74,46,58,52,31,38,35,0.85,1,,,1,,1.54,,2,,2,,135,88,74,584719,78,70,59,217582,6,3,2,1,1,1,1,,,,,,Mitchell
Centropyxis constricta minima,Centropyxis,constricta,minima,Centropyxis constricta minima,Cent,c-mi,Cent c-mi,,,,,,,,,,,,,,,,,,,,,,,,,,,,,,,,,,,,6,3,2,1,1,1,1,,,,,,Mitchell
Centropyxis discoides  ,Centropyxis,discoides,,Centropyxis discoides ,Cent,disc,Cent disc,150,300,225,150,300,225,50,100,75,52,103,78,52,103,78,0.33,,,3,3,,1.00,1,,,1,,225,225,75,2531250,113,180,60,810000,6,3,2,1,1,1,1,,,,,,Mitchell
Centropyxis ecornis  ,Centropyxis,ecornis,,Centropyxis ecornis ,Cent,ecor,Cent ecor,125,275,200,100,230,165,48,106,77,54,120,87,46,102,74,0.47,,2,,2,,1.21,,2,,2,,200,165,77,1692308,106,132,62,576000,6,3,2,1,1,1,1,bilateral,round,invaginated,,,Mitchell
Centropyxis elongata,Centropyxis,elongata,,Centropyxis elongata ,Cent,elon,Cent elon,55,65,60,30,32,31,22,24,23,10,20,15,10,20,15,0.74,,2,,2,,1.94,,2,,2,,60,31,23,28520,38,25,18,11688,6,3,2,1,1,1,1,,,,,,Mitchell
Centropyxis gibba,Centropyxis,gibba,,Centropyxis gibba ,Cent,gibb,Cent gibb,105,152,129,74,116,95,62,93,78,37,63,50,37,63,50,0.82,1,,,1,,1.35,,2,,2,,129,95,78,630721,71,76,62,223182,6,3,2,1,1,1,1,,,,Todorov and Bankov 2019,,Mitchell
Centropyxis globulosa,Centropyxis,globulosa,,Centropyxis globulosa ,Cent,glob,Cent glob,43,55,49,46,49,48,46,52,49,27,30,29,6,10,8,1.03,1,,,1,,1.03,1,,,1,,49,48,49,76032,25,38,39,24561,6,3,2,1,1,1,1,,,,,,Mitchell
Centropyxis halophila,Centropyxis,halophila,,Centropyxis halophila ,Cent,halo,Cent halo,65,75,70,45,50,48,48,55,52,41,45,43,8,9,9,1.09,1,,,1,,1.47,,2,,2,,70,48,52,114688,40,38,41,41916,6,3,2,1,1,1,1,,,,,,Mitchell
Centropyxis hirsuta  ,Centropyxis,hirsuta,,Centropyxis hirsuta ,Cent,hirs,Cent hirs,72,88,80,72,88,80,43,53,48,35,43,39,24,29,27,0.60,,2,,2,,1.00,1,,,1,,80,80,48,204800,40,64,38,65536,6,3,2,1,1,1,1,,,,,,Mitchell
Centropyxis laevigata  ,Centropyxis,laevigata,,Centropyxis laevigata ,Cent,laev,Cent laev,50,135,93,50,135,93,14,42,28,15,61,38,15,61,38,0.30,,,3,3,,1.00,1,,,1,,93,93,28,159717,46,74,22,51109,6,3,2,1,1,1,1,bilateral,round,invaginated,,,Mitchell
Centropyxis minuta,Centropyxis,minuta,,Centropyxis minuta ,Cent,minu,Cent minu,35,65,50,35,65,50,35,40,38,15,25,20,15,25,20,0.75,,2,,2,,1.00,1,,,1,,50,50,38,62500,25,40,30,20000,6,3,2,1,1,1,1,bilateral,round,invaginated,,,Mitchell
Centropyxis orbicularis  ,Centropyxis,orbicularis,,Centropyxis orbicularis ,Cent,orbi,Cent orbi,100,140,120,100,140,120,50,95,73,51,71,61,27,37,32,0.60,,2,,2,,1.00,1,,,1,,120,120,73,696000,60,96,58,222720,6,3,2,1,1,1,1,bilateral,round,invaginated,,,Mitchell
Centropyxis plagiopyxis,Centropyxis,plagiopyxis,,Centropyxis plagiopyxis ,Cent,plag,Cent pl-is,,,,,,,,,,,,,,,,,,,,,,,,,,,,,,,,,,,,6,3,2,1,1,1,1,,,,,,Mitchell
Centropyxis plagiostoma ,Centropyxis,plagiostoma,,Centropyxis plagiostoma ,Cent,plag,Cent pl-ma,64,95,80,64,95,80,38,43,41,18,30,24,12,20,16,0.51,,2,,2,,1.00,1,,,1,,80,80,41,170647,40,64,32,54607,6,3,2,1,1,1,1,,,,,,Mitchell
Centropyxis plagiostoma f. A (major),Centropyxis,plagiostoma,(major),Centropyxis plagiostoma (major),Cent,p-ma,Cent p-ma,,,,,,,,,,,,,,,,,,,,,,,,,,,,,,,,,,,,6,3,2,1,1,1,1,,,,,,Mitchell
Centropyxis plagiostoma f. B (minor),Centropyxis,plagiostoma,(minor),Centropyxis plagiostoma (minor),Cent,p-mi,Cent p-mi,,,,,,,,,,,,,,,,,,,,,,,,,,,,,,,,,,,,6,3,2,1,1,1,1,,,,,,Mitchell
Centropyxis platystoma  ,Centropyxis,platystoma,,Centropyxis platystoma ,Cent,plat,Cent plat,63,95,79,36,64,50,34,61,48,24,38,31,24,38,31,0.95,1,,,1,,1.58,,2,,2,,79,50,48,125083,46,40,38,46991,6,3,2,1,1,1,1,bilateral,oval,invaginated,,,Mitchell
Centropyxis sp.,Centropyxis,sp.,,Centropyxis sp. ,Cent,sp.,Cent sp.,,,,,,,,,,,,,,,,,,,,,,,,,,,,,,,,,,,,6,3,2,1,1,1,1,,,,,,Mitchell
Centropyxis spinosa ,Centropyxis,spinosa,,Centropyxis spinosa ,Cent,spin,Cent spin,120,140,130,120,140,130,30,40,35,44,51,47,44,51,47,0.27,,,3,3,,1.00,1,,,1,,130,130,35,394333,65,104,28,126187,6,3,2,1,1,1,1,,,,,,Mitchell
Centropyxis sylvatica,Centropyxis,sylvatica,,Centropyxis sylvatica ,Cent,sylv,Cent sylv,65,128,97,60,136,98,44,87,65,30,95,63,20,63,42,0.67,,2,,2,,0.98,1,,,1,,97,98,65,412843,48,78,52,131503,6,3,2,1,1,1,1,,,,,,Mitchell
Centropyxis sylvatica f. A (major),Centropyxis,sylvatica,(major),Centropyxis sylvatica (major),Cent,s-ma,Cent s-ma,,,,,,,,,,,,,,,,,,,,,,,,,,,,,,,,,,,,6,3,2,1,1,1,1,,,,,,Mitchell
Centropyxis sylvatica v. globulosa,Centropyxis,sylvatica,globulosa,Centropyxis sylvatica globulosa,Cent,s-gl,Cent s-gl,45,50,48,45,50,48,40,45,43,25,25,25,6,6,6,0.89,1,,,1,,1.00,1,,,1,,48,48,43,63927,24,38,34,20457,6,3,2,1,1,1,1,,,,,,Mitchell
Centropyxis sylvatica v. microstoma,Centropyxis,sylvatica,microstoma,Centropyxis sylvatica microstoma,Cent,s-mi,Cent s-mic,60,65,63,65,70,68,45,50,48,20,22,21,13,15,14,0.70,,2,,2,,0.93,1,,,1,,63,68,48,133594,31,54,38,41800,6,3,2,1,1,1,1,,,,,,Mitchell
Centropyxis sylvatica v. minor,Centropyxis,sylvatica,minor,Centropyxis sylvatica minor,Cent,s-mi,Cent s-min,43,48,46,38,42,40,25,27,26,20,22,21,12,13,12,0.65,,2,,2,,1.14,1,,,1,,46,40,26,31547,24,32,21,10511,6,3,2,1,1,1,1,,,,,,Mitchell
Certesella certesi,Certesella,certesi,,Certesella certesi ,Cert,cert,Cert cert,109,188,148,55,117,86,29,50,39,23,45,34,11,24,18,0.46,,2,,2,,1.73,,2,,2,,148,86,39,335113,90,69,32,130560,5,3,4,1,1,1,1,,,,,,Mitchell
Certesella martiali,Certesella,martiali,,Certesella martiali ,Cert,mart,Cert mart,115,166,141,53,89,71,40,55,48,21,30,25,8,15,12,0.67,,2,,2,,1.99,,2,,2,,141,71,48,315337,91,57,38,130774,5,3,4,1,1,1,1,,,,,,Mitchell
Certesella new,Certesella,new,,Certesella new ,Cert,new,Cert new,121,173,147,65,86,76,40,50,45,24,32,28,13,16,15,0.59,,2,,2,,1.95,,2,,2,,147,76,45,334070,94,61,36,137235,5,3,4,1,1,1,1,,,,,,Mitchell
Corythion asperulum,Corythion,asperulum,,Corythion asperulum ,Cory,aspe,Cory aspe,31,44,38,31,37,34,14,19,17,18,22,20,18,22,20,0.49,,2,,2,,1.10,1,,,1,,38,34,17,14084,19,27,13,4646,2,1,2,1,2,2,1,,,,,,Mitchell
Corythion constricta,Corythion ,constricta,,Corythion  constricta ,Cory,cons,Cory cons,48,60,54,29,37,33,19,24,22,13,19,16,8,15,12,0.65,,2,,2,,1.64,,2,,2,,54,33,22,25542,32,26,17,9734,2,1,2,1,2,2,1,,,,Todorov and Bankov 2019,,Mitchell
Corythion delmarei,Corythion,delmarei,,Corythion delmarei ,Cory,delm,Cory delm,23,27,25,12,15,14,11,14,13,6,8,7,6,8,7,0.93,1,,,1,,1.85,,2,,2,,25,14,13,2813,16,11,10,1130,2,1,3,1,2,2,1,,,,,,Mitchell
Corythion dubium  ,Corythion,dubium,,Corythion dubium ,Cory,dubi,Cory dubi,23,65,44,16,40,28,8,22,15,5,17,11,5,17,11,0.52,,2,,2,,1.57,,2,,2,,44,28,15,12046,26,22,12,4516,2,1,2,1,2,2,1,bilateral,oval,absent,,,Mitchell
Corythion dubium v. minima,Corythion,dubium,minima,Corythion dubium minima,Cory,d-mi,Cory d-mi,18,25,22,13,15,14,6,8,7,4,7,5,4,7,5,0.51,,2,,2,,1.54,,2,,2,,22,14,7,1433,12,11,6,533,2,1,2,1,2,2,1,,,,,,Mitchell
Corythion dubium v. terricola,Corythion,dubium,terricola,Corythion dubium terricola,Cory,d-te,Cory d-te,,,,,,,,,,,,,,,,,,,,,,,,,,,,,,,,,,,,2,1,2,1,2,2,1,,,,,,Mitchell
Corythion orbicularis,Corythion,orbicularis,,Corythion orbicularis ,Cory,orbi,Cory orbi,34,67,51,20,53,37,20,53,37,7,20,14,5,14,10,1.00,1,,,1,,1.38,,2,,2,,51,37,37,44852,28,29,29,16004,2,1,2,1,2,2,1,bilateral,oval,absent,,,Mitchell
Cryptodifflugia compressa,Cryptodifflugia,compressa,,Cryptodifflugia compressa ,Cryp,comp,Cryp comp,19,20,20,15,17,16,8,8,8,6,6,6,3,3,3,0.52,,2,,2,,1.22,,2,,2,,20,16,8,1721,10,13,7,587,4,1,4,1,1,1,1,biradial,oval,absent,,,Mitchell
Cryptodifflugia minuta,Cryptodifflugia,minuta,,Cryptodifflugia minuta ,Cryp,minu,Cryp minu,10,13,12,8,9,9,8,9,9,2,2,2,2,2,2,1.00,1,,,1,,1.35,,2,,2,,12,9,9,554,6,7,7,196,4,1,4,1,1,1,1,,,,,,Mitchell
Cryptodifflugia oviformis  ,Cryptodifflugia,oviformis,,Cryptodifflugia oviformis ,Cryp,ovif,Cryp ovif,12,20,16,10,15,13,10,15,13,2,4,3,2,4,3,1.00,1,,,1,,1.28,,2,,2,,16,13,13,1667,9,10,10,578,4,1,4,1,1,1,1,biradial,oval,absent,,,Mitchell
Cryptodifflugia oviformis f. fusca,Cryptodifflugia,oviformis,fusca,Cryptodifflugia oviformis fusca,Cryp,o-fu,Cryp o-fu,15,20,18,10,10,10,10,10,10,2,4,3,2,4,3,1.00,1,,,1,,1.75,,2,,2,,18,10,10,1167,11,8,8,457,4,1,4,1,1,1,1,,,,,,Mitchell
Cryptodifflugia sacculus  ,Cryptodifflugia,sacculus,,Cryptodifflugia sacculus ,Cryp,sacc,Cryp sacc,27,30,29,18,20,19,18,20,19,11,12,11,11,12,11,1.00,1,,,1,,1.50,,2,,2,,29,19,19,8231,16,15,15,3029,6,3,1,1,1,1,1,biradial,oval,absent,,,Mitchell
Cucurbitella minutissima,Cucurbitella,minutissima,,Cucurbitella minutissima ,Cucu,minu,Cucu minu,25,35,30,17,20,19,17,20,19,10,10,10,10,10,10,1.00,1,,,1,,1.62,,2,,2,,30,19,19,8214,18,15,15,3119,6,3,1,1,1,1,1,,,,,,Mitchell
Cyclopyxis arcelloides  ,Cyclopyxis,arcelloides,,Cyclopyxis arcelloides ,Cycl,arce,Cycl arce,59,78,68,90,120,105,90,120,105,50,50,50,50,50,50,1.00,1,,,1,,0.65,1,,,1,,68,105,105,63050,31,84,84,5663,6,3,1,1,1,1,1,radial,round,absent,,,Mitchell
Cyclopyxis eurystoma  ,Cyclopyxis,eurystoma,,Cyclopyxis eurystoma ,Cycl,eury,Cycl eury,49,52,51,40,80,60,40,80,60,26,34,30,26,34,30,1.00,1,,,1,,0.84,1,,,1,,51,60,60,25287,24,48,48,2732,6,3,1,1,1,1,1,radial,round,absent,,,Mitchell
Cyclopyxis eurystoma v. gautheriana,Cyclopyxis,eurystoma,gauth.,Cyclopyxis eurystoma gauth.,Cycl,e-ga,Cycl e-ga,60,62,61,80,83,82,80,83,82,45,47,46,45,47,46,1.00,1,,,1,,0.75,1,,,1,,61,82,82,44568,28,65,65,4403,6,3,1,1,1,1,1,,,,,,Mitchell
Cyclopyxis eurystoma v. parvula,Cyclopyxis,eurystoma,parvula,Cyclopyxis eurystoma parvula,Cycl,e-pa,Cycl e-pa,23,35,29,30,33,32,30,33,32,18,20,19,18,20,19,1.00,1,,,1,,0.92,1,,,1,,29,32,32,4789,14,25,25,557,6,3,1,1,1,1,1,,,,,,Mitchell
Cyclopyxis kahli  ,Cyclopyxis,kahli,,Cyclopyxis kahli ,Cycl,kahl,Cycl kahl,50,87,69,80,120,100,80,120,100,20,50,35,20,50,35,1.00,1,,,1,,0.69,1,,,1,,69,100,100,63110,31,80,80,5857,6,3,1,1,1,1,1,radial,round,absent,,,Mitchell
Cyclopyxis kahli f. A (minor),Cyclopyxis,kahli,(minor),Cyclopyxis kahli (minor),Cycl,k-mi,Cycl k-mi,,,,,,,,,,,,,,,,,,,,,,,,,,,,,,,,,,,,6,3,1,1,1,1,1,,,,,,Mitchell
Cyclopyxis puteus,Cyclopyxis ,puteus,,Cyclopyxis  puteus ,Cycl ,pute,Cycl pute,133,179,156,133,179,156,94,120,107,27,38,33,27,38,33,0.69,,2,,2,,1.00,1,,,1,,156,156,107,745425,78,125,86,93178,6,3,1,1,1,1,1,,,,Todorov and Bankov 2019,,Mitchell
Cyclopyxis sp.,Cyclopyxis,sp.,,Cyclopyxis sp. ,Cycl,sp.,Cycl sp.,,,,,,,,,,,,,,,,,,,,,,,,,,,,,,,,,,,,6,3,1,1,1,1,1,,,,,,Mitchell
Cyphoderia amphoralis,Cyphoderia , amphoralis,,Cyphoderia   amphoralis ,Cyph,amph,Cyph amph,139,166,153,55,66,61,55,66,61,17,19,18,17,19,18,1.00,1,,,1,,2.52,,,3,3,,153,61,61,696369,111,48,48,268789,2,1,3,1,2,2,1,,,,Todorov and Bankov 2019,,Mitchell
Cyphoderia ampulla  ,Cyphoderia,ampulla,,Cyphoderia ampulla ,Cyph,ampu,Cyph ampu,80,130,105,40,80,60,40,80,60,16,28,22,16,28,22,1.00,1,,,1,,1.75,,2,,2,,105,60,60,302400,64,48,48,118541,2,1,3,1,2,2,1,,,,,,Mitchell
Cyphoderia ampulla crassa,Cyphoderia,ampulla,crassa,Cyphoderia ampulla crassa,Cyph,a-cr,Cyph a-cr,100,120,110,38,75,57,38,75,57,16,28,22,16,28,22,1.00,1,,,1,,1.95,,2,,2,,110,57,57,280918,71,45,45,115430,2,1,3,1,2,2,1,,,,,,Mitchell
Cyphoderia compressa,Cyphoderia,compressa,,Cyphoderia compressa ,Cyph,comp,Cyph comp,82,112,97,30,46,38,20,31,25,10,18,14,10,18,14,0.67,,2,,2,,2.55,,,3,3,,97,38,25,62252,71,30,20,29200,2,1,3,1,2,2,1,,,,,,Mitchell
Cyphoderia laevis,Cyphoderia,laevis,,Cyphoderia laevis ,Cyph,laev,Cyph laev,35,50,43,21,25,23,21,25,23,8,10,9,8,10,9,1.00,1,,,1,,1.85,,2,,2,,43,23,23,17986,27,18,18,7219,2,1,3,1,2,2,1,,,,,,Mitchell
Cyphoderia major,Cyphoderia,major,,Cyphoderia major,Cyph,majo,Cyph majo,176,212,194,72,85,79,72,85,79,22,28,25,22,28,25,1.00,1,,,1,,2.47,,,3,3,,194,79,79,956381,140,63,63,441129,2,1,3,1,2,2,1,,,,Todorov and Bankov 2019,,Mitchell
Cyphoderia trochus  ,Cyphoderia,trochus,,Cyphoderia trochus ,Cyph,troc,Cyph troc,100,125,113,30,40,35,30,40,35,15,18,17,15,18,17,1.00,1,,,1,,3.21,,,3,3,,113,35,35,110250,94,28,28,58716,2,1,3,1,2,2,1,,,,,,Mitchell
Difflugia acuminata  ,Difflugia,acuminata,,Difflugia acuminata ,Diff,acum,Diff acum,150,300,225,50,126,88,50,126,88,25,75,50,25,75,50,1.00,1,,,1,,2.56,,,3,3,,225,88,88,1393920,165,70,70,654382,6,3,4,1,1,1,1,radial,round,absent,,,Mitchell
Difflugia amphoralis,Difflugia,amphoralis,,Difflugia amphoralis ,Diff,amph,Diff amph,109,109,109,62,62,62,62,62,62,28,28,28,28,28,28,1.00,1,,,1,,1.76,,2,,2,,109,62,62,335197,67,50,50,131657,6,3,1,1,1,1,1,,,,,,Mitchell
Difflugia ampullula ,Difflugia,ampullula,,Difflugia ampullula ,Diff,ampu,Diff ampu,54,95,75,35,72,54,35,72,54,16,29,23,16,29,23,1.00,1,,,1,,1.39,,2,,2,,75,54,54,170590,42,43,43,61017,6,3,4,1,1,1,1,,,,,,Mitchell
Difflugia angulostoma  ,Difflugia,angulostoma,,Difflugia angulostoma ,Diff,angu,Diff angu,40,80,60,40,73,57,40,73,57,18,51,35,18,51,35,1.00,1,,,1,,1.06,1,,,1,,60,57,57,153228,31,45,45,49944,6,3,4,1,1,1,1,radial,round,absent,,,Mitchell
Difflugia avellana  ,Difflugia,avellana,,Difflugia avellana ,Diff,avel,Diff avel,100,160,130,60,130,95,35,95,65,28,48,38,28,48,38,0.68,,2,,2,,1.37,,2,,2,,130,95,65,642200,72,76,52,228218,6,3,4,1,1,1,1,biradial,oval,absent,,,Mitchell
Difflugia baccillariarum   ,Difflugia,baccillariarum ,,Difflugia baccillariarum  ,Diff,bacc,Diff bacc,67,103,85,37,47,42,37,47,42,17,24,21,17,24,21,1.00,1,,,1,,2.02,,,3,3,,85,42,42,119952,56,34,34,50174,6,3,4,1,1,1,1,,,,,,Mitchell
Difflugia bacilifera  ,Difflugia,bacilifera,,Difflugia bacilifera ,Diff,baci,Diff baci,117,194,156,54,91,73,54,91,73,17,36,27,17,36,27,1.00,1,,,1,,2.14,,,3,3,,156,73,73,653878,104,58,58,281104,6,3,4,1,1,1,1,radial,round,absent,,,Mitchell
Difflugia brevicolla,Difflugia,brevicolla,,Difflugia brevicolla ,Diff,brev,Diff brev,66,110,88,48,97,73,48,97,73,22,42,32,22,42,32,1.00,1,,,1,,1.21,,2,,2,,88,73,73,370040,47,58,58,126008,6,3,4,1,1,1,1,,,,,,Mitchell
Difflugia bryophila,Difflugia, bryophila,,Difflugia  bryophila ,Diff,bryo,Diff bryo,110,149,130,53,78,66,53,78,66,21,31,26,21,31,26,1.00,1,,,1,,1.98,,2,,2,,130,66,66,444470,84,52,52,183922,6,3,4,1,1,1,1,,,,Todorov and Bankov 2019,,Mitchell
Difflugia elegans  ,Difflugia,elegans,,Difflugia elegans ,Diff,eleg,Diff eleg,80,158,119,30,99,65,30,99,65,25,55,40,25,55,40,1.00,1,,,1,,1.84,,2,,2,,119,65,65,396056,75,52,52,158864,6,3,4,1,1,1,1,biradial,round,absent,,,Mitchell
Difflugia gassowski  ,Difflugia,gassowski,,Difflugia gassowski ,Diff,gass,Diff gass,72,120,96,35,78,57,35,78,57,15,34,25,15,34,25,1.00,1,,,1,,1.70,,2,,2,,96,57,57,245165,58,45,45,94907,6,3,4,1,1,1,1,,,,,,Mitchell
Difflugia glans  ,Difflugia,glans,,Difflugia glans ,Diff,glan,Diff glan,67,74,71,44,50,47,44,50,47,19,22,21,19,22,21,1.00,1,,,1,,1.50,,2,,2,,71,47,47,124588,41,38,38,45848,6,3,4,1,1,1,1,,,,,,Mitchell
Difflugia globulosa  ,Difflugia,globulosa,,Difflugia globulosa ,Diff,glob,Diff gl-sa,70,119,95,79,155,117,79,155,117,33,58,46,33,58,46,1.00,1,,,1,,0.81,1,,,1,,95,117,117,1034888,45,94,94,312059,6,3,1,1,1,1,1,radial,round,absent,,,Mitchell
Difflugia globulus,Difflugia,globulus,,Difflugia globulus ,Diff,glob,Diff gl-us,15,50,33,15,50,33,15,50,33,12,40,26,12,40,26,1.00,1,,,1,,1.00,1,,,1,,33,33,33,27463,16,26,26,8788,6,3,1,1,1,1,1,,,,,,Mitchell
Difflugia hiraethogii,Difflugia , hiraethogii,,Difflugia   hiraethogii ,Diff,hira,Diff hira,174,254,214,106,157,132,81,118,100,52,86,69,52,86,69,0.76,,2,,2,,1.63,,2,,2,,214,132,100,2240024,127,105,80,851720,6,3,4,1,1,1,1,,,,Todorov and Bankov 2019,,Mitchell
Difflugia humilis  ,Difflugia,humilis,,Difflugia humilis ,Diff,humi,Diff humi,40,60,50,22,36,29,22,36,29,8,15,12,8,15,12,1.00,1,,,1,,1.72,,2,,2,,50,29,29,33640,30,23,23,13103,6,3,4,1,1,1,1,,,,,,Mitchell
Difflugia lanceolata  ,Difflugia,lanceolata,,Difflugia lanceolata ,Diff,lanc,Diff lanc,88,190,139,41,92,66,41,92,66,21,54,38,21,54,38,1.00,1,,,1,,2.09,,,3,3,,139,66,66,486308,92,53,53,206532,6,3,4,1,1,1,1,,,,,,Mitchell
Difflugia leidyi,Difflugia,leidyi,,Difflugia leidyi ,Diff,leid,Diff leid,96,120,108,78,88,83,52,59,55,33,40,37,33,40,37,0.67,,2,,2,,1.30,,2,,2,,108,83,55,330672,59,66,44,115377,6,3,4,1,1,1,1,radial,round,absent,,,Mitchell
Difflugia linearis,Difflugia,linearis,,Difflugia linearis ,Diff,line,Diff line,96,108,102,32,38,35,32,38,35,12,13,13,12,13,13,1.00,1,,,1,,2.91,,,3,3,,102,35,35,99960,80,28,28,50357,6,3,4,1,1,1,1,,,,,,Mitchell
Difflugia lithophila,Difflugia,lithophila,,Difflugia lithophila ,Diff,lith,Diff lith,93,140,117,67,108,88,67,108,88,32,49,40,32,49,40,1.00,1,,,1,,1.33,,2,,2,,117,88,88,713563,64,70,70,251044,6,3,4,1,1,1,1,radial,round,absent,,,Mitchell
Difflugia lobostoma,Difflugia,lobostoma,,Difflugia lobostoma ,Diff ,lobo,Diff lobo,150,198,174,150,198,174,147,191,169,47,69,58,47,69,58,0.97,1,,,1,,1.00,1,,,1,,174,174,169,4093315,87,139,135,1309861,6,3,1,1,1,1,2,,,,Todorov and Bankov 2019,,Mitchell
Difflugia lucida  ,Difflugia,lucida,,Difflugia lucida ,Diff,luci,Diff luci,40,90,65,25,55,40,16,37,27,12,17,15,7,15,11,0.66,,2,,2,,1.63,,2,,2,,65,40,27,45933,39,32,21,17455,6,3,4,1,1,1,1,biradial,oval,absent,,,Mitchell
Difflugia manicata  ,Difflugia,manicata,,Difflugia manicata ,Diff,mani,Diff mani,60,88,74,37,54,46,37,54,46,12,20,16,12,20,16,1.00,1,,,1,,1.63,,2,,2,,74,46,46,122559,44,36,36,46589,6,3,4,1,1,1,1,,,,,,Mitchell
Difflugia microstoma  ,Difflugia,microstoma,,Difflugia microstoma ,Diff,mist,Diff mist,76,105,91,63,83,73,63,83,73,18,29,24,18,29,24,1.00,1,,,1,,1.24,,2,,2,,91,73,73,385820,49,58,58,132341,6,3,4,1,1,1,1,,,,,,Mitchell
Difflugia minuta  ,Difflugia,minuta,,Difflugia minuta ,Diff,minu,Diff minu,44,53,49,34,48,41,34,48,41,9,12,11,9,12,11,1.00,1,,,1,,1.18,1,,,1,,49,41,41,65223,26,33,33,22017,6,3,4,1,1,1,1,,,,,,Mitchell
Difflugia minuta minor,Difflugia,minuta,minor,Difflugia minuta minor,Diff,m-mi,Diff m-mi,28,35,32,17,20,19,17,20,19,8,10,9,8,10,9,1.00,1,,,1,,1.70,,2,,2,,32,19,19,8625,19,15,15,3342,6,3,4,1,1,1,1,,,,,,Mitchell
Difflugia nana ,Difflugia,nana,,Difflugia nana ,Diff,nana,Diff nana,,,,,,,,,,,,,,,,,,,,,,,,,,,,,,,,,,,,6,3,4,1,1,1,1,,,,,,Mitchell
Difflugia oblonga  ,Difflugia,oblonga,,Difflugia oblonga ,Diff,oblo,Diff oblo,160,298,229,80,141,110,80,141,110,25,65,45,25,65,45,1.00,1,,,1,,2.07,,,3,3,,229,110,110,2224376,151,88,88,941320,6,3,4,1,1,1,1,radial,round,absent,,,Mitchell
Difflugia ovalisina,Difflugia,ovalisina,,Difflugia ovalisina ,Diff,oval,Diff oval,25,29,27,18,28,23,18,28,23,9,15,12,9,15,12,1.00,1,,,1,,1.17,1,,,1,,27,23,23,11426,14,18,18,3847,6,3,4,1,1,1,1,,,,,,Mitchell
Difflugia parva,Difflugia,parva,,Difflugia parva ,Diff,parv,Diff parv,129,178,153,52,90,71,52,90,71,19,40,29,19,40,29,1.00,1,,,1,,2.16,,,3,3,,153,71,71,612681,103,57,57,264436,6,3,4,1,1,1,1,radial,round,absent,,,Mitchell
Difflugia paulii,Difflugia,paulii,,Difflugia paulii ,Diff,paul,Diff paul,119,130,125,48,54,51,48,54,51,19,23,21,19,23,21,1.00,1,,,1,,2.44,,,3,3,,125,51,51,259060,89,41,41,118741,6,3,4,1,1,1,1,,,,,,Mitchell
Difflugia penardi  ,Difflugia,penardi,,Difflugia penardi ,Diff,pena,Diff pena,60,94,77,30,54,42,30,54,42,17,19,18,17,19,18,1.00,1,,,1,,1.83,,2,,2,,77,42,42,108662,48,34,34,43465,6,3,4,1,1,1,1,,,,,,Mitchell
Difflugia penardi f. A longa,Difflugia,penardi,(longa),Difflugia penardi (longa),Diff,p-lo,Diff p-lo,,,,,,,,,,,,,,,,,,,,,,,,,,,,,,,,,,,,6,3,4,1,1,1,1,,,,,,Mitchell
Difflugia pristis  ,Difflugia,pristis,,Difflugia pristis ,Diff,pris,Diff pris,33,65,49,21,31,26,21,31,26,10,13,12,10,13,12,1.00,1,,,1,,1.88,,2,,2,,49,26,26,26499,31,21,21,10730,6,3,4,1,1,1,1,radial,round,absent,,,Mitchell
Difflugia pulex  ,Difflugia,pulex,,Difflugia pulex ,Diff,pule,Diff pule,28,43,36,16,30,23,16,30,23,7,14,11,7,14,11,1.00,1,,,1,,1.54,,2,,2,,36,23,23,15024,21,18,18,5591,6,3,4,1,1,1,1,radial,round,absent,,,Mitchell
Difflugia pyriformis,Difflugia, pyriformis,,Difflugia  pyriformis ,Diff,pyri,Diff pyri,297,383,340,152,225,189,152,225,189,47,78,63,47,78,63,1.00,1,,,1,,1.80,,2,,2,,340,189,189,9664772,211,151,151,3838427,6,3,4,1,1,1,2,,,,Todorov and Bankov 2019,,Mitchell
Difflugia rubescens  ,Difflugia,rubescens,,Difflugia rubescens ,Diff,rube,Diff rube,57,105,81,38,70,54,38,70,54,14,30,22,14,30,22,1.00,1,,,1,,1.50,,2,,2,,81,54,54,188957,47,43,43,69536,6,3,4,1,1,1,1,radial,round,absent,,,Mitchell
Difflugia sp.,Difflugia,sp.,,Difflugia sp. ,Diff,sp.,Diff sp.,,,,,,,,,,,,,,,,,,,,,,,,,,,,,,,,,,,,6,3,4,1,1,1,1,,,,,,Mitchell
Difflugia stoutii,Difflugia,stoutii,,Difflugia stoutii ,Diff,stou,Diff stou,47,59,53,33,36,35,22,24,23,9,12,11,6,8,7,0.67,,2,,2,,1.54,,2,,2,,53,35,23,28037,31,28,18,10415,6,3,4,1,1,1,1,,,,,,Mitchell
Difflugia tenuis,Difflugia,tenuis,,Difflugia tenuis ,Diff,tenu,Diff tenu,60,87,74,37,50,44,37,50,44,17,27,22,17,27,22,1.00,1,,,1,,1.69,,2,,2,,74,44,44,111264,44,35,35,42971,6,3,4,1,1,1,1,,,,,,Mitchell
Difflugia urceolata  ,Difflugia,urceolata,,Difflugia urceolata ,Diff,urce,Diff urce,101,398,249,189,426,308,189,426,308,78,198,138,78,198,138,1.00,1,,,1,,0.81,1,,,1,,249,308,308,18854516,118,246,246,5690569,6,3,1,1,1,1,?,,,,,,Mitchell
Difflugia viscidula,Difflugia , viscidula,,Difflugia   viscidula ,Diff,visc,Diff visc,200,267,234,149,204,177,149,204,177,64,108,86,64,108,86,1.00,1,,,1,,1.32,,2,,2,,234,177,177,5819240,128,141,141,2042570,6,3,4,1,1,1,1,,,,Todorov and Bankov 2019,,Mitchell
Edaphonobiotus campascoides,Edaphonobiotus,campascoides,,Edaphonobiotus campascoides ,Edap,camp,Edap camp,32,42,37,16,22,19,16,22,19,7,8,8,7,8,8,1.00,1,,,1,,1.95,,2,,2,,37,19,19,10686,24,15,15,4391,2,1,3,1,2,2,1,,,,,,Mitchell
Euglypha acantophora  ,Euglypha,acantophora,,Euglypha acantophora ,Eugl,acan,Eugl acan,53,84,69,28,46,37,28,46,37,14,25,20,14,25,20,1.00,1,,,1,,1.85,,2,,2,,69,37,37,75021,43,30,30,30138,2,1,4,1,2,2,1,,,,,,Mitchell
Euglypha acantophora var. deflandrei,Euglypha,acantophora,deflandrei,Euglypha acantophora deflandrei,Eugl,a-de,Eugl a-de,52,52,52,26,26,26,26,26,26,20,20,20,20,20,20,1.00,1,,,1,,2.00,,2,,2,,52,26,26,28122,34,21,21,11699,2,1,4,1,2,2,1,,,,,,Mitchell
Euglypha alveolata  ,Euglypha,alveolata,,Euglypha alveolata ,Eugl,alve,Eugl alve,92,128,110,92,128,110,,,,,,20,,,,,,,,,,,,,,,,,,,,,,,,2,1,4,1,2,2,1,biradial,oval,absent,,https://www.nies.go.jp/chiiki1/protoz/morpho/testacea/euglypha.htm#Euglypha%20brachiata,Mitchell
Euglypha anodonta,Euglypha,anodonta,,Euglypha anodonta ,Eugl,anod,Eugl anod,20,20,20,9,14,12,9,14,12,7,10,9,7,10,9,1.00,1,,,1,,1.74,,2,,2,,20,12,12,2116,12,9,9,827,2,1,4,1,2,2,1,,,,,,Mitchell
Euglypha anodonta magna ,Euglypha,anodonta,magna,Euglypha anodonta magna,Eugl,a-ma,Eugl a-ma,30,47,39,24,28,26,15,18,17,8,12,10,8,12,10,0.63,,2,,2,,1.48,,2,,2,,39,26,17,13213,22,21,13,4838,2,1,4,1,2,2,1,,,,,,Mitchell
Euglypha bryophila,Euglypha,bryophila,,Euglypha bryophila,Eugl,bryo,Eugl bryo,34,56,45,14,24,19,11,18,15,6,11,9,6,11,9,0.76,,2,,2,,2.37,,,3,3,,45,19,15,9918,32,15,12,4477,2,1,4,1,2,2,1,,,,Todorov and Bankov 2019,,Mitchell
Euglypha capsiosa ,Euglypha,capsiosa,,Euglypha capsiosa ,Eugl,caps,Eugl caps,25,27,26,15,21,18,15,21,18,9,10,10,9,10,10,1.00,1,,,1,,1.44,,2,,2,,26,18,18,6739,15,14,14,2444,2,1,4,1,2,2,1,,,,,,Mitchell
Euglypha ciliata  ,Euglypha,ciliata,,Euglypha ciliata ,Eugl,cili,Eugl cili,40,100,70,24,60,42,18,36,27,10,23,17,7,16,12,0.64,,2,,2,,1.67,,2,,2,,70,42,27,52920,42,34,22,20321,2,1,4,1,2,2,1,biradial,oval,absent,Deflandre (1928),,Mitchell
Euglypha ciliata var. glabra,Euglypha,ciliata,glabra,Euglypha ciliata glabra,Eugl,ci-g,Eugl ci-g,40,100,70,24,60,42,18,36,27,10,23,17,7,16,12,0.64,,2,,2,,1.67,,2,,2,,70,42,27,52920,42,34,22,20321,2,1,4,1,2,2,1,biradial,oval,absent,,,Mitchell
Euglypha compressa  ,Euglypha,compressa,,Euglypha compressa ,Eugl,comp,Eugl comp,70,132,101,38,80,59,22,42,32,16,28,22,10,17,13,0.55,,2,,2,,1.71,,2,,2,,101,59,32,128602,61,47,26,49941,2,1,4,1,2,2,1,biradial,oval,absent,,,Mitchell
Euglypha compressa glabra,Euglypha,compressa,glabra,Euglypha compressa glabra,Eugl,c-gl,Eugl c-gl,70,132,101,38,80,59,22,42,32,16,28,22,10,17,13,0.55,,2,,2,,1.71,,2,,2,,101,59,32,128602,61,47,26,49941,2,1,4,1,2,2,1,biradial,oval,absent,,,Mitchell
Euglypha cristata  ,Euglypha,cristata,,Euglypha cristata ,Eugl,cris,Eugl cris,33,71,52,10,23,17,10,23,17,6,12,9,6,12,9,1.00,1,,,1,,3.15,,,3,3,,52,17,17,11326,43,13,13,5963,2,1,4,1,2,2,1,radial,round,absent,Deflandre (1928),,Mitchell
Euglypha cristata decora,Euglypha,cristata,decora,Euglypha cristata decora,Eugl,c-de,Eugl c-de,33,71,52,10,23,17,10,23,17,6,12,9,6,12,9,1.00,1,,,1,,3.15,,,3,3,,52,17,17,11326,43,13,13,5963,2,1,4,1,2,2,1,,,,,,Mitchell
Euglypha cuspidata,Euglypha,cuspidata,,Euglypha cuspidata ,Eugl,cusp,Eugl cusp,30,35,33,18,22,20,8,10,9,8,8,8,6,6,6,0.45,,2,,2,,1.63,,2,,2,,33,20,9,4680,19,16,7,1778,2,1,4,1,2,2,1,,,,,,Mitchell
Euglypha denticulata,Euglypha,denticulata,,Euglypha denticulata ,Eugl,dent,Eugl dent,23,49,36,15,36,26,15,36,26,7,10,8,7,10,8,1.00,1,,,1,,1.41,,2,,2,,36,26,26,18727,20,20,20,6733,2,1,4,1,2,2,1,,,,,,Mitchell
Euglypha dolioliformis,Euglypha,dolioliformis,,Euglypha dolioliformis ,Eugl,doli,Eugl doli,54,56,55,24,26,25,24,26,25,16,16,16,16,,8,1.00,1,,,1,,2.20,,,3,3,,55,25,25,27500,37,20,20,11968,2,1,4,1,2,2,1,,,,,,Mitchell
Euglypha filifera  ,Euglypha,filifera,,Euglypha filifera ,Eugl,fili,Eugl fili,53,70,62,25,35,30,25,35,30,10,14,12,10,14,12,1.00,1,,,1,,2.05,,,3,3,,62,30,30,44280,40,24,24,18633,2,1,4,1,2,2,1,biradial,oval,absent,,,Mitchell
Euglypha filifera pyriformis,Euglypha,filifera,pyriformis,Euglypha filifera pyriformis,Eugl,f-py,Eugl f-py,48,50,49,24,30,27,17,23,20,6,10,8,6,10,8,0.74,,2,,2,,1.81,,2,,2,,49,27,20,21168,30,22,16,8430,2,1,4,1,2,2,1,,,,,,Mitchell
Euglypha hyalina,Euglypha,hyalina,,Euglypha hyalina ,Eugl,hyal,Eugl hyal,17,36,27,10,20,15,10,20,15,,,0,,,0,1.00,1,,,1,,1.77,,2,,2,,27,15,15,4770,16,12,12,1877,2,1,4,1,2,2,1,,,,,,Mitchell
Euglypha laevis  ,Euglypha,laevis,,Euglypha laevis ,Eugl,laev,Eugl laev,22,60,41,18,30,24,10,25,18,5,15,10,5,15,10,0.73,,2,,2,,1.71,,2,,2,,41,24,18,11480,25,19,14,4454,2,1,4,1,2,2,1,biradial,oval,absent,,,Mitchell
Euglypha laevis v. lanceolata,Euglypha,laevis,lanceolata,Euglypha laevis lanceolata,Eugl,l-la,Eugl l-la,,,,,,,,,,,,,,,,,,,,,,,,,,,,,,,,,,,,2,1,4,1,2,2,1,,,,,,Mitchell
Euglypha minuta,Euglypha,minuta,,Euglypha minuta ,Eugl,minu,Eugl minu,,,,,,,,,,,,,,,,,,,,,,,,,,,,,,,,,,,,2,1,4,1,2,2,1,,,,,,Mitchell
Euglypha polylepis,Euglypha,polylepis,,Euglypha polylepis ,Eugl,poly,Eugl poly,60,63,62,33,38,36,25,30,28,18,18,18,11,11,11,0.77,,2,,2,,1.73,,2,,2,,62,36,28,40026,38,28,22,15623,2,1,4,1,2,2,1,,,,,,Mitchell
Euglypha pseudociliata  ,Euglypha,pseudociliata,,Euglypha pseudociliata ,Eugl,pseu,Eugl pseu,,,,,,,,,,,,,,,,,,,,,,,,,,,,,,,,,,,,2,1,4,1,2,2,1,,,,,,Mitchell
Euglypha rotunda  ,Euglypha,rotunda,,Euglypha rotunda ,Eugl,rotu,Eugl rotu,22,52,37,11,36,24,8,26,17,6,12,9,6,12,9,0.71,,2,,2,,1.57,,2,,2,,37,24,17,11615,22,19,13,4357,2,1,4,1,2,2,1,biradial,round,absent,Deflandre (1928),,Mitchell
Euglypha scutigera,Euglypha,scutigera,,Euglypha scutigera ,Eugl,scut,Eugl scut,75,90,83,46,52,49,46,52,49,14,20,17,8,12,10,1.00,1,,,1,,1.68,,2,,2,,83,49,49,158466,50,39,39,61110,2,1,4,1,2,2,1,biradial,oval,absent,,,Mitchell
Euglypha simplex,Euglypha,simplex,,Euglypha simplex ,Eugl,simp,Eugl simp,43,59,51,22,36,29,15,24,19,14,19,16,9,12,11,0.67,,2,,2,,1.76,,2,,2,,51,29,19,,31,23.2,15,,2,1,4,1,2,2,1,,,,,,Mitchell
Euglypha sp.,Euglypha,sp.,,Euglypha sp. ,Eugl,sp.,Eugl sp.,,,,,,,,,,,,,,,,,,,,,,,,,,,,,,,,,,,,2,1,4,1,2,2,1,,,,,,Mitchell
Euglypha strigosa  ,Euglypha,strigosa,,Euglypha strigosa ,Eugl,stri,Eugl stri,45,100,73,30,60,45,15,33,24,12,23,18,12,23,18,0.53,,2,,2,,1.61,,2,,2,,73,45,24,51812,43,36,19,19619,2,1,4,1,2,2,1,biradial,round,absent,,,Mitchell
Euglypha strigosa glabra,Euglypha,strigosa,glabra,Euglypha strigosa glabra,Eugl,s-gl,Eugl s-gl,45,100,73,30,60,45,15,33,24,12,23,18,12,23,18,0.53,,2,,2,,1.61,,2,,2,,73,45,24,51812,43,36,19,19619,2,1,4,1,2,2,1,biradial,round,absent,,,Mitchell
Euglypha tuberculata  ,Euglypha,tuberculata,,Euglypha tuberculata ,Eugl,tube,Eugl tube,45,100,73,24,51,38,24,51,38,10,21,16,10,21,16,1.00,1,,,1,,1.93,,2,,2,,73,38,38,81563,46,30,30,33408,2,1,4,1,2,2,1,radial,round,absent,,,Mitchell
Euglypha tuberculata minor,Euglypha,tuberculata,minor,Euglypha tuberculata minor,Eugl,t-mi,Eugl t-mi,28,40,34,14,20,17,14,20,17,6,8,7,6,8,7,1.00,1,,,1,,2.00,,2,,2,,34,17,17,7861,22,14,14,3270,2,1,4,1,2,2,1,,,,,,Mitchell
Euglypha umbilicata,Euglypha,umbilicata,,Euglypha umbilicata ,Eugl,umbi,Eugl umbi,44,46,45,25,27,26,18,22,20,12,13,12,6,6,6,0.77,,2,,2,,1.73,,2,,2,,45,26,20,15600,27,21,16,6086,2,1,4,1,2,2,1,,,,,,Mitchell
Geamphorella lucida ,Geamphorella,lucida,,Geamphorella lucida ,Geam,luci,Geam luci,50,50,50,25,25,25,25,25,25,7,7,7,7,7,7,1.00,1,,,1,,2.00,,2,,2,,50,25,25,25000,33,20,20,10400,6,3,4,1,1,1,1,,,,,,Mitchell
Geopyxella aquatica,Geopyxella,aquatica,,Geopyxella aquatica ,Geop,aqua,Geop aqua,50,75,63,90,110,100,90,110,100,30,37,33,30,37,33,1.00,1,,,1,,0.63,1,,,1,,63,100,100,47937,28,80,80,4189,6,3,4,1,1,1,1,,,,,,Mitchell
Geopyxella sylvicola ,Geopyxella,sylvicola,,Geopyxella sylvicola ,Geop,sylv,Geop sylv,53,63,58,73,76,75,73,76,75,12,15,14,12,15,14,1.00,1,,,1,,0.78,1,,,1,,58,75,75,38310,27,60,60,3896,6,3,4,1,1,1,1,,,,,,Mitchell
Gibbocarina (Nebela) galeata  ,Gibbocarina,galeata,,Gibbocarina galeata ,Gibb,gale,Gibb gale,180,283,232,94,190,142,53,84,68,26,51,39,22,35,28,0.48,,2,,2,,1.63,,2,,2,,232,142,68,1498837,138,114,55,570318,5,3,4,1,1,1,1,,,,,,Mitchell
Gibbocarina (Nebela) gracilis  ,Gibbocarina,gracilis,,Gibbocarina gracilis ,Gibb,grac,Gibb grac,90,140,115,50,60,55,22,34,28,19,25,22,9,13,11,0.51,,2,,2,,2.09,,,3,3,,115,55,28,118806,76,44,23,50460,5,3,4,1,1,1,1,,,,,,Mitchell
Heleopera lata,Heleopera,lata,,Heleopera lata ,Hele,lata,Hele lata,115,115,115,110,110,110,55,55,55,55,55,55,21,21,21,0.50,,2,,2,,1.05,1,,,1,,115,110,55,463833,58,88,44,150451,6,3,4,1,1,1,1,,,,,,Mitchell
Heleopera penardi,Heleopera,penardi,,Heleopera penardi ,Hele,pena,Hele pena,,,,,,,,,,,,,,,,,,,,,,,,,,,,,,,,,,,,6,3,4,1,1,1,1,,,,,,Mitchell
Heleopera petricola  ,Heleopera,petricola,,Heleopera petricola ,Hele,petr,Hele petr,80,100,90,51,57,54,26,29,27,31,34,33,12,13,13,0.50,,2,,2,,1.67,,2,,2,,90,54,27,87480,54,43,22,33592,6,3,4,1,1,1,1,biradial,slit-like,absent,,,Mitchell
Heleopera petricola v. amethystea ,Heleopera,petricola,amethystea,Heleopera petricola amethystea,Hele,p-am,Hele p-am,125,150,138,80,86,83,40,43,41,48,51,50,19,20,19,0.50,,2,,2,,1.66,,2,,2,,138,83,41,312663,82,66,33,120006,6,3,4,1,1,1,1,,,,,,Mitchell
Heleopera petricola v. humicola,Heleopera,petricola,humicola,Heleopera petricola humicola,Hele,p-hu,Hele p-hu,69,79,74,39,44,42,29,33,31,16,16,16,6,6,6,0.75,,2,,2,,1.78,,2,,2,,74,42,31,63467,46,33,25,25081,6,3,4,1,1,1,1,,,,,,Mitchell
Heleopera rosea  ,Heleopera,rosea,,Heleopera rosea ,Hele,rose,Hele rose,125,135,130,120,129,124,60,65,62,60,65,62,15,16,16,0.50,,2,,2,,1.05,1,,,1,,130,124,62,670037,66,99,50,217335,6,3,4,1,1,1,1,biradial,slit-like,absent,,,Mitchell
Heleopera sp.,Heleopera,sp.,,Heleopera sp. ,Hele,sp.,Hele sp.,,,,,,,,,,,,,,,,,,,,,,,,,,,,,,,,,,,,6,3,4,1,1,1,1,,,,,,Mitchell
Heleopera sphagni  ,Heleopera,sphagni,,Heleopera sphagni ,Hele,spha,Hele spha,100,140,120,70,73,72,42,51,47,40,45,43,15,17,16,0.65,,2,,2,,1.68,,2,,2,,120,72,47,265980,72,57,37,102434,6,3,4,1,1,1,2,biradial,slit-like,absent,,,Mitchell
Heleopera sylvatica  ,Heleopera,sylvatica,,Heleopera sylvatica ,Hele,sylv,Hele sylv,50,75,63,30,50,40,22,36,29,18,30,24,6,10,8,0.72,,2,,2,,1.56,,2,,2,,63,40,29,48000,37,32,23,17952,6,3,4,1,1,1,1,biradial,slit-like,absent,,,Mitchell
Hyalosphenia elegans  ,Hyalosphenia,elegans,,Hyalosphenia elegans ,Hyal,eleg,Hyal eleg,85,110,98,40,65,53,21,35,28,15,23,19,8,13,10,0.53,,2,,2,,1.86,,2,,2,,98,53,28,95096,61,42,22,38256,1,1,4,1,1,1,1,biradial,oval,absent,,,Mitchell
Hyalosphenia insecta,Hyalosphenia,insecta,,Hyalosphenia insecta ,Hyal,inse,Hyal inse,68,84,76,29,42,36,15,22,19,9,13,11,6,8,7,0.53,,2,,2,,2.14,,,3,3,,76,36,19,33893,51,28,15,14558,1,1,4,1,1,1,1,,,,,,Mitchell
Hyalosphenia minuta ,Hyalosphenia,minuta,,Hyalosphenia minuta ,Hyal,minu,Hyal minu,26,43,35,16,27,22,9,15,12,8,13,10,2,3,3,0.55,,2,,2,,1.60,,2,,2,,35,22,12,7020,20,17,9,2654,1,1,4,1,1,1,1,biradial,oval,absent,,,Mitchell
Hyalosphenia ovalis  ,Hyalosphenia,ovalis,,Hyalosphenia ovalis ,Hyal,oval,Hyal oval,130,180,155,90,140,115,47,65,56,50,56,53,15,21,18,0.49,,2,,2,,1.35,,2,,2,,155,115,56,666784,86,92,45,235636,1,1,4,1,1,1,1,,,,,,Mitchell
Hyalosphenia papilio  ,Hyalosphenia,papilio,,Hyalosphenia papilio ,Hyal,papi,Hyal papi,88,140,114,58,97,78,30,40,35,32,40,36,8,8,8,0.45,,2,,2,,1.47,,2,,2,,114,78,35,206150,65,62,28,75289,1,1,4,1,1,1,2,biradial,oval,absent,,,Mitchell
Hyalosphenia sp.,Hyalosphenia,sp.,,Hyalosphenia sp. ,Hyal,sp.,Hyal sp.,,,,,,,,,,,,,,,,,,,,,,,,,,,,,,,,,,,,1,1,4,1,1,1,1,,,,,,Mitchell
Hyalosphenia subflava  ,Hyalosphenia,subflava,,Hyalosphenia subflava ,Hyal,subf,Hyal subf,45,87,66,30,56,43,25,27,26,13,20,17,6,12,9,0.60,,2,,2,,1.53,,2,,2,,66,43,26,49192,38,34,21,18267,5,1,4,1,1,1,1,biradial,oval,absent,,,Mitchell
Lagenodifflugia bryophila,Lagenodifflugia,bryophila,,Lagenodifflugia bryophila ,Lage,bryo,Lage bryo,101,132,117,53,63,58,53,63,58,18,29,24,18,29,24,1.00,1,,,1,,2.01,,,3,3,,117,58,58,261271,76,46,46,108905,6,3,4,1,1,1,1,,,,Todorov and Bankov 2019,,Mitchell
Lagenodifflugia vas  ,Lagenodifflugia,vas,,Lagenodifflugia vas ,Lage,vas,Lage vas,150,170,160,77,87,82,63,71,67,33,38,36,33,38,36,0.82,1,,,1,,1.96,,2,,2,,160,82,67,584236,103,65,54,240603,6,3,4,1,1,1,1,,,,,,Mitchell
Lesquereusia epistomium  ,Lesquereusia,epistomium,,Lesquereusia epistomium ,Lesq,epis,Lesq epis,90,170,130,55,60,58,37,40,38,37,37,37,37,37,37,0.67,,2,,2,,2.26,,,3,3,,130,58,38,191028,90,46,31,84252,2,1,3,1,1,1,1,,,,,,Mitchell
Lesquereusia gibbosa,Lesquereusia , gibbosa,,Lesquereusia gibbosa,Lesq,gibb,Lesq gibb,131,188,160,96,140,118,74,110,92,20,39,30,20,39,30,0.78,,2,,2,,1.35,,2,,2,,160,118,92,1154355,88,94,74,408368,2,2,3,1,1,1,1,,,,Todorov and Bankov 2019,,Mitchell
Lesquereusia modesta  ,Lesquereusia,modesta,,Lesquereusia modesta ,Lesq,mode,Lesq mode,100,174,137,100,159,130,75,112,94,25,43,34,25,43,34,0.72,,2,,2,,1.06,1,,,1,,137,130,94,1105887,70,104,75,360032,2,1,3,1,1,1,1,,,,,,Mitchell
Lesquereusia spiralis  ,Lesquereusia,spiralis,,Lesquereusia spiralis ,Lesq,spir,Lesq spir,90,150,120,77,129,103,36,59,47,21,35,28,21,35,28,0.46,,2,,2,,1.16,1,,,1,,120,103,47,391892,63,83,38,131506,2,1,3,1,1,1,1,,,,,,Mitchell
Longinebela (Nebela) golemanskyi,Longinebela,golemanskyi,,Longinebela golemanskyi ,Long,gole,Long gole,198,239,219,105,132,119,89,100,95,36,40,38,29,33,31,0.80,,2,,2,,1.84,,2,,2,,219,119,95,1631212,137,95,76,654137,5,3,4,1,1,1,1,,,,Todorov and Bankov 2019,,Mitchell
Longinebela (Nebela) speciosa  ,Longinebela,speciosa,,Longinebela speciosa ,Long,spec,Long spec,236,284,260,99,138,119,80,96,88,39,54,47,25,35,30,0.74,,2,,2,,2.19,,,3,3,,260,119,88,1806312,177,95,70,785083,5,3,4,1,1,1,1,,,,,,Mitchell
Longinebela (Nebela) tubulosa  ,Longinebela,tubulosa,,Longinebela tubulosa ,Long,tubu,Long tubu,190,264,227,80,155,118,54,75,65,35,54,45,25,35,30,0.55,,2,,2,,1.93,,2,,2,,227,118,65,1146918,145,94,52,469621,5,3,4,1,1,1,1,biradial,oval,absent,,,Mitchell
Longinebela ampulla,Longinebela ,ampulla,,Longinebela  ampulla ,Long,ampu,Long ampu,117,131,124,43,51,47,42,45,44,21,27,24,10,16,13,0.93,1,,,1,,2.64,,,3,3,,124,47,44,169012,92,38,35,80665,5,3,4,1,1,1,1,,,,Todorov and Bankov 2019,,Mitchell
Microchlamys patella,Microchlamys,patella,,Microchlamys patella ,Micr,pate,Micr pate,36,50,43,36,50,43,9,13,11,36,50,43,36,50,43,0.25,,,3,3,,1.00,1,,,1,,43,43,11,7806,22,34,9,1561,1,1,1,1,1,1,1,,,,,,Mitchell
Nebela aliciae,Nebela , aliciae,,Nebela   aliciae ,Nebe,alic,Nebe alic,109,155,132,88,127,108,50,55,53,27,37,32,,,,0.49,,2,,2,,1.23,,2,,2,,132,108,53,359225,71,86,42,82005,5,3,4,1,1,1,1,,,,Todorov and Bankov 2019,,Mitchell
Nebela barbata,Nebela,barbata,,Nebela barbata ,Nebe,barb,Nebe barb,80,148,114,38,62,50,38,62,50,10,23,17,8,17,12,1.00,1,,,1,,2.28,,,3,3,,114,50,50,228000,79,40,40,100977,5,3,4,1,1,1,1,,,,,,Mitchell
Nebela collaris  ,Nebela,collaris,,Nebela collaris ,Nebe,coll,Nebe coll,95,140,118,74,86,80,33,49,41,20,30,25,13,19,16,0.52,,2,,2,,1.47,,2,,2,,118,80,41,259219,67,64,33,94615,5,3,4,1,1,1,1,biradial,oval,absent,,,Mitchell
Nebela collaris var. retorta,Nebela,collaris,retorta,Nebela collaris retorta,Nebe,c-re,Nebe c-re,95,140,118,74,86,80,33,49,41,20,30,25,13,19,16,0.52,,2,,2,,1.47,,2,,2,,118,80,41,259219,67,64,33,94615,5,3,3,1,1,1,1,,,,,,Mitchell
Nebela flabellulum  ,Nebela,flabellulum,,Nebela flabellulum ,Nebe,flab,Nebe flab,68,96,82,72,110,91,31,44,38,18,30,24,7,10,9,0.41,,2,,2,,0.90,1,,,1,,82,91,38,187424,40,73,30,58196,5,3,4,1,1,1,1,biradial,oval,absent,,,Mitchell
Nebela guttata,Nebela,guttata,,Nebela guttata ,Nebe,gutt,Nebe gutt,80,89,85,53,65,59,37,41,39,20,22,21,9,10,9,0.66,,2,,2,,1.43,,2,,2,,85,59,39,129039,48,47,31,46647,5,3,4,1,1,1,1,,,,,,Mitchell
Nebela parvula  ,Nebela,parvula,,Nebela parvula ,Nebe,parv,Nebe parv,76,105,91,55,82,69,25,50,38,17,25,21,10,20,15,0.55,,2,,2,,1.32,,2,,2,,91,69,38,154981,50,55,30,54372,5,3,4,1,1,1,1,biradial,oval,absent,,,Mitchell
Nebela penardiana  ,Nebela,penardiana,,Nebela penardiana ,Nebe,pena,Nebe pena,115,175,145,65,80,73,39,60,50,23,35,29,12,19,16,0.68,,2,,2,,2.00,,2,,2,,145,73,50,346998,94,58,40,144351,5,3,4,1,1,1,1,biradial,oval,absent,,,Mitchell
Nebela penardiana v. major,Nebela,penardiana,major,Nebela penardiana major,Nebe,p-ma,Nebe p-ma,175,175,175,80,80,80,60,60,60,35,35,35,19,19,19,0.75,,2,,2,,2.19,,,3,3,,175,80,60,557724,119,64,48,242052,5,3,4,1,1,1,1,,,,,,Mitchell
Nebela rotunda,Nebela,rotunda,,Nebela rotunda ,Nebe,rotu,Nebe rotu,74,94,84,67,85,76,34,43,39,24,26,25,8,10,9,0.51,,2,,2,,1.11,1,,,1,,84,76,39,164259,43,61,31,54223,5,3,4,1,1,1,1,,,,,,Mitchell
Nebela sp.,Nebela,sp.,,Nebela sp. ,Nebe,sp.,Nebe sp.,,,,,,,,,,,,,,,,,,,,,,,,,,,,,,,,,,,,5,3,4,1,1,1,1,,,,,,Mitchell
Nebela tincta  ,Nebela,tincta,,Nebela tincta ,Nebe,tinc,Nebe tinc,90,95,93,62,71,67,41,44,43,24,26,25,10,10,10,0.64,,2,,2,,1.39,,2,,2,,93,67,43,174285,52,53,34,62313,5,3,4,1,1,1,1,biradial,oval,absent,,,Mitchell
Nebela tincta group.,Nebela,tincta,group,Nebela tincta group,Nebe,t_gr,Nebe t_gr,74,95,85,53,85,69,31,43,37,20,26,23,8,10,9,0.54,,2,,2,,1.22,,2,,2,,85,69,37,144791,45,55,30,49455,5,3,4,1,1,1,1,,,,,,Mitchell
Netzelia (Difflugia) oviformis  ,Netzelia,oviformis,,Netzelia oviformis ,Netz,ovif,Netz ovif,67,87,77,45,67,56,45,67,56,17,26,22,17,26,22,1.00,1,,,1,,1.38,,2,,2,,77,56,56,160981,43,45,45,57309,6,3,4,1,1,1,1,radial,lobed,absent,,,Mitchell
Netzelia (Difflugia) tuberculata  ,Netzelia,tuberculata,,Netzelia tuberculata ,Netz,tube,Netz tube,110,206,158,102,191,146,102,191,146,37,69,53,37,69,53,1.00,1,,,1,,1.08,1,,,1,,158,146,146,2705289,81,117,117,886469,6,3,4,1,1,1,1,,,,,,Mitchell
Oopyxis cyclostoma,Oopyxis,cyclostoma,,Oopyxis cyclostoma ,Oopy,cycl,Oopy cycl,50,80,65,40,50,45,40,50,45,20,25,23,20,25,23,1.00,1,,,1,,1.44,,2,,2,,65,45,45,105300,37,36,36,,5,3,4,1,1,1,1,,,,,,Mitchell
Padaungiella (Nebela) lageniformis  ,Padaungiella,lageniformis,,Padaungiella lageniformis ,Pada,lage,Pada lage,91,140,116,60,90,75,40,60,50,27,40,33,18,27,22,0.67,,2,,2,,1.54,,2,,2,,116,75,50,288750,67,60,40,107369,5,3,4,1,1,1,1,biradial,oval,absent,,,Mitchell
Padaungiella (Nebela) nebeloides,Padaungiella,nebeloides,,Padaungiella nebeloides ,Pada,nebe,Pada nebe,113,148,131,43,59,51,43,59,51,17,38,28,17,38,28,1.00,1,,,1,,2.56,,,3,3,,131,51,51,226287,96,41,41,106275,5,3,4,1,1,1,1,,,,Todorov and Bankov 2019,,Mitchell
Padaungiella (Nebela) pulcherrima,Padaungiella,pulcherimma,,Padaungiella pulcherimma ,Pada,pulc,Pada pulc,180,195,188,100,100,100,67,67,67,37,37,37,29,29,29,0.67,,2,,2,,1.88,,2,,2,,188,100,67,833333,118,80,53,336667,5,3,4,1,1,1,1,,,,,,Mitchell
Padaungiella (Nebela) tubulata  ,Padaungiella,tubulata,,Padaungiella tubulata ,Pada,tubu,Pada tubu,55,74,65,28,48,38,19,32,25,13,16,15,5,6,5,0.67,,2,,2,,1.70,,2,,2,,65,38,25,41395,39,30,20,16018,5,3,4,1,1,1,1,biradial,oval,absent,,,Mitchell
Padaungiella (Nebela) wailesii  ,Padaungiella,wailesii,,Padaungiella wailesii ,Pada,wail,Pada wail,75,100,88,52,58,55,35,39,37,23,26,24,9,10,9,0.67,,2,,2,,1.59,,2,,2,,88,55,37,117639,52,44,29,44318,5,3,4,1,1,1,1,biradial,oval,absent,,,Mitchell
Paraquadrula (Quadrulella) discoides  ,Paraquadrula,discoides,,Paraquadrula discoides ,Para,disc,Para disc,25,40,33,30,30,30,20,20,20,6,10,8,4,7,5,0.67,,2,,2,,1.08,1,,,1,,33,30,20,13000,17,24,16,4264,2,1,4,1,1,1,1,,,,,,Mitchell
Paraquadrula irregularis  ,Paraquadrula,irregularis,,Paraquadrula irregularis ,Para,irre,Para irre,26,32,29,24,30,27,16,21,19,8,13,11,3,6,5,0.69,,2,,2,,1.07,1,,,1,,29,27,19,9657,15,22,15,3159,4,1,4,1,1,1,1,,,,,,Mitchell
Paraquadrula pachylepis,Paraquadrula,pachylepis,,Paraquadrula pachylepis ,Para,pach,Para pach,20,25,23,20,25,23,16,20,18,8,8,8,3,3,3,0.80,,2,,2,,1.00,1,,,1,,23,23,18,6075,11,18,14,1944,4,1,4,1,1,1,1,,,,,,Mitchell
Pareuglypha reticulata,Pareuglypha , reticulata,,Pareuglypha   reticulata ,Pare,reti,Pare reti,66,77,72,30,34,32,30,34,32,9,13,11,9,13,11,1.00,1,,,1,,2.23,,,3,3,,72,32,32,48811,49,26,26,21403,2,1,4,1,2,2,1,,,,Todorov and Bankov 2019,,Mitchell
Phryganella acropodia  ,Phryganella,acropodia,,Phryganella acropodia ,Phry,acro,Phry acro,35,110,73,35,110,73,20,80,50,17,45,31,17,45,31,0.69,,2,,2,,1.00,1,,,1,,73,73,50,74825,36,58,40,9353,6,3,1,1,1,1,1,radial,round,absent,,,Mitchell
Phryganella acropodia penardi,Phryganella,acropodia,penardi,Phryganella acropodia penardi,Phry,a-pe,Phry a-pe,20,28,24,20,28,24,14,19,17,9,12,10,9,12,10,0.69,,2,,2,,1.00,1,,,1,,24,24,17,2714,12,19,13,339,6,3,1,1,1,1,1,,,,,,Mitchell
Phryganella hemisphaerica,Phryganella,hemisphaerica,,Phryganella hemisphaerica ,Phry,hemi,Phry hemi,42,60,51,42,60,51,21,41,31,24,42,33,24,42,33,0.61,,2,,2,,1.00,1,,,1,,51,51,31,26046,26,41,25,3256,6,3,1,1,1,1,1,,,,Todorov and Bankov 2019,,Mitchell
Phryganella nidulus,Phryganella, nidulus,,Phryganella  nidulus ,Phry,nidu,Phry nidu,140,174,157,140,174,157,71,95,83,72,99,86,72,99,86,0.53,,2,,2,,1.00,1,,,1,,157,157,83,759852,79,126,66,94981,6,3,1,1,1,1,1,,,,Todorov and Bankov 2019,,Mitchell
Phryganella paradoxa  ,Phryganella,paradoxa,,Phryganella paradoxa ,Phry,para,Phry para,30,60,45,28,40,34,28,40,34,15,15,15,15,15,15,1.00,1,,,1,,1.32,,2,,2,,45,34,34,41616,25,27,27,14610,6,3,4,1,1,1,1,,,,,,Mitchell
Physochila (Nebela) griseola  ,Physochila,griseola,,Physochila griseola ,Phys,gris,Phys gris,70,85,78,50,58,54,50,58,54,14,16,15,14,16,15,1.00,1,,,1,,1.44,,2,,2,,78,54,54,180792,44,43,43,65407,5,3,4,1,1,1,1,biradial,oval,absent,,,Mitchell
Placocista jurassica,Placocista,jurassica,,Placocista jurassica ,Plac,jura,Plac jura,72,76,74,51,48,50,24,26,25,25,35,30,4,5,4,0.51,,2,,2,,1.49,,2,,2,,74,50,25,61544,42,40,20,22603,2,1,4,1,1,1,?,,,,,,Mitchell
Placocista sinuospina,Placocista,sinuospina,,Placocista sinuospina ,Plac,sinu,Plac sinu,100,120,110,71,76,73,34,41,37,35,54,45,6,7,7,0.51,,2,,2,,1.50,,2,,2,,110,73,37,201397,63,59,30,74075,2,1,4,1,1,1,?,,,,,,Mitchell
Placocista spinosa  ,Placocista,spinosa,,Placocista spinosa ,Plac,spin,Plac spin,100,174,137,71,110,91,34,59,47,35,79,57,6,10,8,0.51,,2,,2,,1.51,,2,,2,,137,91,47,385015,79,72,37,142196,2,1,4,1,1,1,2,biradial,slit-like,absent,,,Mitchell
Placocista spinosa hyalina,Placocista,spinosa,hyalina,Placocista spinosa hyalina,Plac,sp-h,Plac sp-h,120,120,120,89,89,89,41,41,41,46,46,46,7,7,7,0.46,,2,,2,,1.35,,2,,2,,120,89,41,290962,66,71,33,102777,2,1,4,1,1,1,2,,,,,,Mitchell
Plagiopyxis angularis,Plagiopyxis,angularis,,Plagiopyxis angularis ,Plag,angu,Plag angu,40,48,44,35,40,38,24,26,25,23,27,25,5,5,5,0.67,,2,,2,,1.17,1,,,1,,44,38,25,27500,23,30,20,9258,6,3,2,1,1,1,1,,,,,,Mitchell
Plagiopyxis bathystoma,Plagiopyxis,bathystoma,,Plagiopyxis bathystoma ,Plag,bath,Plag bath,,,,,,,,,,,,,,,,,,,,,,,,,,,,,,,,,,,,6,3,2,1,1,1,1,,,,,,Mitchell
Plagiopyxis callida  ,Plagiopyxis,callida,,Plagiopyxis callida ,Plag,call,Plag call,67,90,79,73,87,80,44,59,51,41,49,45,8,10,9,0.64,,2,,2,,0.98,1,,,1,,79,80,51,214339,39,64,41,68203,6,3,2,1,1,1,1,,,,,,Mitchell
Plagiopyxis callida f. grandis,Plagiopyxis,callida,grandis,Plagiopyxis callida grandis,Plag,c-gr,Plag c-gr,95,103,99,105,135,120,62,67,65,59,64,61,5,5,5,0.54,,2,,2,,0.83,1,,,1,,99,120,65,511357,47,96,52,155043,6,3,2,1,1,1,1,,,,,,Mitchell
Plagiopyxis declivis,Plagiopyxis,declivis,,Plagiopyxis declivis ,Plag,decl,Plag decl,63,80,72,63,80,72,48,53,51,24,30,27,5,6,5,0.71,,2,,2,,1.00,1,,,1,,72,72,51,172112,36,57,40,55076,6,3,2,1,1,1,1,,,,,,Mitchell
Plagiopyxis declivis v. oblonga,Plagiopyxis,declivis,oblonga,Plagiopyxis declivis oblonga,Plag,d-ob,Plag d-ob,75,92,84,49,64,57,37,43,40,29,38,34,6,8,7,0.71,,2,,2,,1.48,,2,,2,,84,57,40,125807,48,45,32,46030,6,3,2,1,1,1,1,,,,,,Mitchell
Plagiopyxis intermedia,Plagiopyxis,intermedia,,Plagiopyxis intermedia ,Plag,inte,Plag inte,50,60,55,50,60,55,28,32,30,33,40,37,7,8,7,0.55,,2,,2,,1.00,1,,,1,,55,55,30,60500,28,44,24,19360,6,3,2,1,1,1,1,,,,,,Mitchell
Plagiopyxis labiata,Plagiopyxis,labiata,,Plagiopyxis labiata ,Plag,labi,Plag labi,66,95,81,66,95,81,35,50,42,19,28,24,8,11,9,0.53,,2,,2,,1.00,1,,,1,,81,81,42,183039,40,64,34,58572,6,3,2,1,1,1,1,,,,,,Mitchell
Plagiopyxis minuta,Plagiopyxis,minuta,,Plagiopyxis minuta ,Plag,minu,Plag minu,40,45,43,40,45,43,20,20,20,27,30,28,5,6,6,0.47,,2,,2,,1.00,1,,,1,,43,43,20,24083,21,34,16,7707,6,3,2,1,1,1,1,,,,,,Mitchell
Plagiopyxis minuta v. oblonga,Plagiopyxis,minuta,oblonga,Plagiopyxis minuta oblonga,Plag,m-ob,Plag m-ob,45,45,45,35,35,35,23,23,23,23,23,23,5,5,5,0.66,,2,,2,,1.29,,2,,2,,45,35,23,24150,24,28,18,8390,6,3,2,1,1,1,1,,,,,,Mitchell
Plagiopyxis oblonga var. cryptostoma,Plagiopyxis,oblonga,cryptostoma,Plagiopyxis oblonga cryptostoma,Plag,o-cr,Plag o-cr,60,60,60,40,40,40,30,30,30,27,27,27,5,5,5,0.75,,2,,2,,1.50,,2,,2,,60,40,30,48000,35,32,24,17664,6,3,2,1,1,1,1,,,,,,Mitchell
Plagiopyxis parvooblonga,Plagiopyxis,parvooblonga,,Plagiopyxis parvooblonga ,Plag,parv,Plag parv,,,,,,,,,,,,,,,,,,,,,,,,,,,,,,,,,,,,6,3,2,1,1,1,1,,,,,,Mitchell
Plagiopyxis penardi,Plagiopyxis,penardi,,Plagiopyxis penardi ,Plag,pena,Plag pena,73,84,79,73,84,79,37,42,39,38,44,41,8,9,8,0.50,,2,,2,,1.00,1,,,1,,79,79,39,161246,39,63,31,51599,6,3,2,1,1,1,1,,,,,,Mitchell
Plagiopyxis penardi v. oblonga,Plagiopyxis,penardi,oblonga,Plagiopyxis penardi oblonga,Plag,p-ob,Plag p-ob,70,75,73,53,56,55,33,36,35,28,29,29,6,6,6,0.63,,2,,2,,1.33,,2,,2,,73,55,35,90879,40,44,28,31963,6,3,2,1,1,1,1,,,,,,Mitchell
Plagiopyxis sp.,Plagiopyxis,sp.,,Plagiopyxis sp. ,Plag,sp.,Plag sp.,,,,,,,,,,,,,,,,,,,,,,,,,,,,,,,,,,,,6,3,2,1,1,1,1,,,,,,Mitchell
Planhoogenraadia acuta ,Planhoogenraadia,acuta,,Planhoogenraadia acuta ,Plan,acut,Plan acut,,,,,,,,,,,,,,,,,,,,,,,,,,,,,,,,,,,,6,3,2,1,1,1,1,,,,,,Mitchell
Planhoogenraadia cantabrica,Planhoogenraadia,cantabrica,,Planhoogenraadia cantabrica ,Plan,cant,Plan cant,,,,,,,,,,,,,,,,,,,,,,,,,,,,,,,,,,,,6,3,2,1,1,1,1,,,,,,Mitchell
Planhoogenraadia elegans,Planhoogenraadia,elegans,,Planhoogenraadia elegans ,Plan,eleg,Plan eleg,,,,,,,,,,,,,,,,,,,,,,,,,,,,,,,,,,,,6,3,2,1,1,1,1,,,,,,Mitchell
Planhoogenraadia sp.,Planhoogenraadia,sp.,,Planhoogenraadia sp. ,Plan,sp.,Plan sp.,,,,,,,,,,,,,,,,,,,,,,,,,,,,,,,,,,,,6,3,2,1,1,1,1,,,,,,Mitchell
Planocarina (Nebela) carinata  ,Planocarina,carinata,,Planocarina carinata ,Plan,cari,Plan cari,140,246,193,110,175,143,30,53,42,27,43,35,15,27,21,0.29,,,3,3,,1.35,,2,,2,,193,143,42,765115,107,114,33,270867,5,3,4,1,1,1,1,biradial,oval,absent,,,Mitchell
Planocarina (Nebela) marginata  ,Planocarina,marginata,,Planocarina marginata ,Plan,marg,Plan marg,140,180,160,110,150,130,43,55,49,25,40,33,10,16,13,0.37,,,3,3,,1.23,,2,,2,,160,130,49,675246,86,104,39,231038,5,3,4,1,1,1,1,biradial,oval,absent,,,Mitchell
Playfairina valkanovi,Playfairina ,valkanovi,,Playfairina  valkanovi ,Play,valk,Play valk,36,45,41,10,15,13,13,18,16,6,11,9,5,6,6,1.24,1,,,1,,3.24,,,3,3,,41,13,16,5231,34,10,12,2799,2,1,2,1,2,2,1,,,,Todorov and Bankov 2019,,Mitchell
Pontigulasia elisa  ,Pontigulasia,elisa,,Pontigulasia elisa ,Pont,elis,Pont elis,85,150,118,80,92,86,74,84,79,29,35,32,29,35,32,0.92,1,,,1,,1.37,,2,,2,,118,86,79,532197,65,69,63,189016,6,3,4,1,1,1,1,,,,,,Mitchell
Pontigulasia incisa,Pontigulasia,incisa,,Pontigulasia incisa ,Pont,inci,Pont inci,118,144,131,80,92,86,74,84,79,29,35,32,29,35,32,0.92,1,,,1,,1.52,,2,,2,,131,86,79,593343,76,69,63,219675,6,3,4,1,1,1,1,,,,,,Mitchell
Pontigulasia rhumbleri,Pontigulasia, rhumbleri,,Pontigulasia  rhumbleri ,Pont ,rhum,Pont rhum,101,139,120,62,92,77,60,76,68,23,37,30,23,37,30,0.88,1,,,1,,1.56,,2,,2,,120,77,68,418880,70,62,,0,6,3,4,1,1,1,1,,,,Todorov and Bankov 2019,,Mitchell
Porosia bigibbosa,Porosia,bigibbosa,,Porosia bigibbosa ,Poro,bigi,Poro bigi,135,171,153,87,115,101,47,63,55,36,47,41,20,26,23,0.55,,2,,2,,1.51,,2,,2,,153,101,55,567547,88,81,44,209666,5,3,4,1,1,1,1,,,,,,Mitchell
Pseudawerintzewia calcicola,Pseudawerintzewia,calcicola,,Pseudawerintzewia calcicola ,Psaw,calc,Psaw calc,70,70,70,55,55,55,55,55,55,20,20,20,12,12,12,1.00,1,,,1,,1.27,,2,,2,,70,55,55,169400,38,44,44,58643,6,3,4,1,1,1,1,,,,,,Mitchell
Pseudodifflugia fascicularis  ,Pseudodifflugia,fascicularis,,Pseudodifflugia fascicularis ,Psdi,fasc,Psdi fasc,29,38,34,20,23,22,20,23,22,8,11,10,8,11,10,1.00,1,,,1,,1.56,,2,,2,,34,22,22,12388,20,17,17,4628,6,3,4,1,2,2,1,,,,,,Mitchell
Pseudodifflugia fulva  ,Pseudodifflugia,fulva,,Pseudodifflugia fulva ,Psdi,fulv,Psdi fulv,15,36,26,12,30,21,12,30,21,6,12,9,6,12,9,1.00,1,,,1,,1.21,,2,,2,,26,21,21,8996,14,17,17,3064,6,3,4,1,2,2,1,radial,round,absent,,,Mitchell
Pseudodifflugia gracilis  ,Pseudodifflugia,gracilis,,Pseudodifflugia gracilis ,Psdi,grac,Psdi grac,20,72,46,37,45,41,37,45,41,10,42,26,10,42,26,1.00,1,,,1,,1.12,1,,,1,,46,41,41,19112,24,33,33,2661,6,3,?,1,2,2,1,,,,,,Mitchell
Pseudodifflugia gracilis var. terricola,Pseudodifflugia,gracilis,terricola,Pseudodifflugia gracilis terricola,Psdi,g-te,Psdi g-te,,,,,,,,,,,,,,,,,,,,,,,,,,,,,,,,,,,,6,3,?,1,2,2,1,,,,,,Mitchell
Pyxidicula cymbalum,Pyxidicula,cymbalum,,Pyxidicula cymbalum ,Pyxi,cymb,Pyxi cymb,85,90,88,85,90,88,28,30,29,75,80,78,75,80,78,0.33,,,3,3,,1.00,1,,,1,,88,88,29,87693,44,70,23,17539,1,1,1,1,1,1,1,,,,,,Mitchell
Quadrulella longicollis,Quadrulella,longicollis,,Quadrulella longicollis ,Quad,long,Quad long,103,156,130,42,62,52,32,46,39,18,30,24,,,,0.75,,2,,2,,2.49,,,3,3,,130,52,39,256841,94,41.6,31.2,107572,2,1,4,1,1,1,1,,,,Todorov and Bankov 2019,,Mitchell
Quadrulella quadrigera,Quadrulella,quadrigera,,Quadrulella quadrigera ,Quad,quad,Quad quad,100,150,125,60,100,80,40,67,53,23,39,31,15,26,21,0.67,,2,,2,,1.56,,2,,2,,125,80,53,355556,73,64,43,132978,2,1,4,1,1,1,1,,,,,,Mitchell
Quadrulella symmetrica  ,Quadrulella,symmetrica,,Quadrulella symmetrica ,Quad,syme,Quad syme,72,85,79,40,46,43,23,27,25,22,26,24,15,18,16,0.59,,2,,2,,1.83,,2,,2,,79,43,25,56760,49,34,20,22662,2,1,4,1,1,1,1,biradial,oval,absent,Length and width from Kosakyan et al. In prep (monograph); height and aperture diam estimated from ratios derived from drawing of Penard (1902),,Mitchell
Quadrulella tropica,Quadrulella,tropica,,Quadrulella tropica ,Quad,trop,Quad trop,70,93,82,45,60,53,32,43,37,20,30,25,17,25,21,0.71,,2,,2,,1.55,,2,,2,,82,53,37,106279,48,42,30,39645,2,1,4,1,1,1,1,,,,,,Mitchell
Quadrulella variabilis,Quadrulella , variabilis,,Quadrulella   variabilis ,Quad,vari,Quad vari,67,80,74,32,42,37,27,31,29,14,19,17,,,,0.78,,2,,2,,1.99,,2,,2,,74,37,29,52577,48,30,23,21804,2,1,4,1,1,1,1,,,,Todorov and Bankov 2019,,Mitchell
Schoenbornia humicola  ,Schoenbornia,humicola,,Schoenbornia humicola ,Scho,humi,Scho humi,26,65,46,15,40,28,15,40,28,8,23,16,8,23,16,1.00,1,,,1,,1.65,,2,,2,,46,28,28,27528,27,22,22,10539,6,3,4,1,1,1,1,,,,,,Mitchell
Schoenbornia viscicula,Schoenbornia,viscicula,,Schoenbornia viscicula ,Scho,visc,Scho visc,14,18,16,10,13,12,7,11,9,4,6,5,4,6,5,0.78,,2,,2,,1.39,,2,,2,,16,12,9,1325,9,9,7,474,6,3,4,1,1,1,1,,,,,,Mitchell
Schwabia terricola,Schwabia,terricola,,Schwabia terricola ,Schw,terr,Schw terr,81,87,84,49,56,53,49,56,53,10,15,13,10,15,13,1.00,1,,,1,,1.60,,2,,2,,84,53,53,185220,50,42,42,69939,6,3,4,1,1,1,1,,,,,,Mitchell
Scutiglypha crenulata,Scutiglypha ,crenulata,,Scutiglypha  crenulata ,Scut,cren,Scut cren,73,86,80,33,46,40,33,46,40,16,21,19,16,21,19,1.00,1,,,1,,2.01,,,3,3,,80,40,40,99232,52,32,32,41401,2,1,4,1,2,2,1,,,,Todorov and Bankov 2019,,Mitchell
Sphenoderia fissirostris  ,Sphenoderia,fissirostris,,Sphenoderia fissirostris ,Sphe,fiss,Sphe fiss,30,40,35,18,30,24,18,30,24,10,16,13,,,,1.00,1,,,1,,1.46,,2,,2,,35,24,24,16128,20,19,19,5871,2,1,3,1,2,2,1,,,,Penard (1890); height and aperture diam estimated from ratios derived from original drawing,,Mitchell
Sphenoderia labiata,Sphenoderia , labiata,,Sphenoderia   labiata ,Sphe,labi,Sphe labi,43,67,55,25,41,33,16,26,21,13,21,17,,,,0.64,,2,,2,,1.67,,2,,2,,55,33,21,30492,33,26,17,11709,2,1,3,1,2,2,1,,,,Todorov and Bankov 2019,,Mitchell
Sphenoderia lenta  ,Sphenoderia,lenta,,Sphenoderia lenta ,Sphe,lent,Sphe lent,30,60,45,20,46,33,20,46,33,10,22,16,5,11,8,1.00,1,,,1,,1.36,,2,,2,,45,33,33,39204,25,26,26,13914,2,1,2,1,2,2,1,biradial,round,absent,,,Mitchell
Sphenoderia minuta,Sphenoderia,minuta,,Sphenoderia minuta ,Sphe,minu,Sphe minu,31,38,35,21,28,25,18,25,22,8,13,11,,,,0.88,1,,,1,,1.41,,2,,2,,35,25,22,14538,19,20,17,5222,2,1,3,1,2,2,1,,,,Todorov and Bankov 2019,,Mitchell
Sphenoderia ovoidea,Sphenoderia , ovoidea,,Sphenoderia   ovoidea ,Sphe ,ovoi,Sphe ovoi,38,52,45,25,31,28,21,29,25,12,18,15,,,,0.89,1,,,1,,1.61,,2,,2,,45,28,25,25200,27,22,20,9533,2,1,3,1,2,2,1,,,,Todorov and Bankov 2019,,Mitchell
Tracheleuglypha acolla,Tracheleuglypha,acolla,,Tracheleuglypha acolla ,Trac,acol,Trac acol,34,46,40,17,34,26,17,34,26,7,11,9,7,11,9,1.00,1,,,1,,1.57,,2,,2,,40,26,26,20808,23,20,20,7794,2,1,4,1,2,2,1,,,,,,Mitchell
Tracheleuglypha dentata  ,Tracheleuglypha,dentata,,Tracheleuglypha dentata ,Trac,dent,Trac dent,35,61,48,19,33,26,19,33,26,8,13,11,8,13,11,1.00,1,,,1,,1.85,,2,,2,,48,26,26,25958,30,21,21,10415,2,1,4,1,2,2,1,radial,round,absent,,,Mitchell
Tracheleuglypha sp.,Tracheleuglypha,sp.,,Tracheleuglypha sp. ,Trac,sp.,Trac sp.,,,,,,,,,,,,,,,,,,,,,,,,,,,,,,,,,,,,2,1,1,1,2,2,1,,,,,,Mitchell
Trachelocorythion (Corythion) pulchellum  ,Trachelocorythion,pulchellum,,Trachelocorythion pulchellum ,Trac,pulc,Trac pulc,15,35,25,10,15,13,7,10,9,7,10,9,2,4,3,0.68,,2,,2,,2.00,,2,,2,,25,13,9,1771,16,10,7,737,2,1,3,1,2,2,1,,,,,,Mitchell
Trigonopyxis arcula  ,Trigonopyxis,arcula,,Trigonopyxis arcula ,Trig,arcu,Trig arcu,93,112,103,93,112,103,56,68,62,11,18,15,11,18,15,0.60,,2,,2,,1.00,1,,,1,,103,103,62,255799,51,82,50,51160,6,3,1,1,1,1,1,radial,lobed,invaginated,,,Mitchell
Trigonopyxis arcula major,Trigonopyxis,arcula,major,Trigonopyxis arcula major,Trig,a-ma,Trig a-ma,140,190,165,140,190,165,75,100,88,17,31,24,17,31,24,0.53,,2,,2,,1.00,1,,,1,,165,165,88,1588125,83,132,70,508200,6,3,1,1,1,1,1,,,,,,Mitchell
Trigonopyxis microstoma,Trigonopyxis,microstoma,,Trigonopyxis microstoma ,Trigo,micr,Trigo micr,90,168,129,78,153,116,17,22,20,14,27,20,15,16,15,0.17,,,3,3,,1.12,1,,,1,,129,116,20,193468,67,92,16,64057,6,3,1,1,1,1,1,,,,,,Mitchell
Trigonopyxis minuta,Trigonopyxis,minuta,,Trigonopyxis minuta ,Trig,minu,Trig minu,69,88,79,69,88,79,43,56,50,12,22,17,12,22,17,0.63,,2,,2,,1.00,1,,,1,,79,79,50,203354,39,63,40,65073,6,3,1,1,1,1,1,bilateral,lobed,invaginated,,,Mitchell
Trinema complanatum  ,Trinema,complanatum,,Trinema complanatum ,Trin,comp,Trin comp,25,60,43,14,40,27,12,30,21,12,16,14,7,10,9,0.78,,2,,2,,1.57,,2,,2,,43,27,21,16065,25,22,17,6026,2,1,2,1,2,2,1,bilateral,round,invaginated,,,Mitchell
Trinema complanatum v. elongata,Trinema,complanatum,elongata,Trinema complanatum elongata,Trin,c-el,Trin c-el,,,,,,,,,,,,,,,,,,,,,,,,,,,,,,,,,,,,2,1,2,1,2,2,1,,,,,,Mitchell
Trinema complanatum v. globulosa,Trinema,complanatum,globulosa,Trinema complanatum globulosa,Trin,c-gl,Trin c-gl,30,37,34,20,24,22,20,24,22,8,10,9,8,10,9,1.00,1,,,1,,1.52,,2,,2,,34,22,22,10809,19,18,18,4001,2,1,2,1,2,2,1,,,,,,Mitchell
Trinema complanatum v. inaequalis,Trinema,complanatum,inaequalis,Trinema complanatum inaequalis,Trin,c-in,Trin c-in,,,,,,,,,,,,,,,,,,,,,,,,,,,,,,,,,,,,2,1,2,1,2,2,1,,,,,,Mitchell
Trinema complanatum v. platystoma,Trinema,complanatum,platystoma,Trinema complanatum platystoma,Trin,c-pl,Trin c-pl,,,,,,,,,,,,,,,,,,,,,,,,,,,,,,,,,,,,2,1,2,1,2,2,1,,,,,,Mitchell
Trinema enchelys  ,Trinema,enchelys,,Trinema enchelys ,Trin,ench,Trin ench,32,103,68,15,60,38,15,60,38,6,20,13,6,20,13,1.00,1,,,1,,1.80,,2,,2,,68,38,38,75938,42,30,30,30132,2,1,2,1,2,2,1,,,,,,Mitchell
Trinema enchelys biconvexa,Trinema,enchelys,biconvexa,Trinema enchelys biconvexa,Trin,ench,Trin e-bi,,,,,,,,,,,,,,,,,,,,,,,,,,,,,,,,,,,,2,1,2,1,2,2,1,,,,,,Mitchell
Trinema galeata,Trinema,galeata,,Trinema galeata ,Trin,gale,Trin gale,40,60,50,20,40,30,20,31,26,9,14,12,9,14,12,0.85,1,,,1,,1.67,,2,,2,,50,30,26,25546,30,24,20,9810,2,1,2,1,2,2,1,,,,Length and width from Jung (1942); height and aperture diam estimated from ratios calculated from the illustration of T. enchely from Penard (1902),,Mitchell
Trinema grandis,Trinema,grandis,,Trinema grandis ,Trin,gran,Trin gran,100,125,113,46,60,53,46,60,53,12,36,24,12,36,24,1.00,1,,,1,,2.12,,,3,3,,113,53,53,252810,75,42,42,108145,2,1,2,1,2,2,1,,,,,,Mitchell
Trinema lineare  ,Trinema,lineare,,Trinema lineare ,Trin,line,Trin line,18,41,30,7,19,13,7,18,13,3,10,7,3,10,7,0.96,1,,,1,,2.27,,,3,3,,30,13,13,3835,20,10,10,1694,2,1,2,1,2,2,1,bilateral,round,invaginated,L?ftenegger et al. (1998),,Mitchell
Trinema lineare minuscula,Trinema,lineare,minuscula,Trinema lineare minuscula,Trin,l-mi,Trin l-mi,,,,,,,,,,,,,,,,,,,,,,,,,,,,,,,,,,,,2,1,2,1,2,2,1,,,,,,Mitchell
Trinema lineare truncatum,Trinema,lineare,truncatum,Trinema lineare truncatum,Trin,l-tr,Trin l-tr,40,45,43,16,18,17,14,15,15,10,12,11,10,12,11,0.86,1,,,1,,2.50,,,3,3,,43,17,15,8422,31,14,12,3908,2,1,2,1,2,2,1,,,,,,Mitchell
Trinema penardi  ,Trinema,penardi,,Trinema penardi ,Trin,pena,Trin pena,30,65,48,16,35,26,8,16,12,5,13,9,5,13,9,0.47,,2,,2,,1.86,,2,,2,,48,26,12,9690,30,20,10,3903,2,1,2,1,2,2,1,,,,L?ftenegger et al. (1998),,Mitchell
Trinema sp.,Trinema,sp.,,Trinema sp. ,Trin,sp.,Trin sp.,18,103,61,7,60,34,7,60,34,3,20,12,3,20,12,1.00,1,,,1,,1.81,,2,,2,,61,34,34,54317,38,27,27,21584,2,1,2,1,2,2,1,bilateral,round,invaginated,,,Mitchell
Valkanovia delicatula,Valkanovia,delicatula,,Valkanovia delicatula ,Valk,deli,Valk deli,,,,,,,,,,,,,,,,,,,,,,,,,,,,,,,,,,,,2,1,4,1,2,2,1,,,,,,Mitchell
Valkanovia elegans,Valkanovia,elegans,,Valkanovia elegans ,Valk,eleg,Valk eleg,41,57,49,22,34,28,16,19,17,6,9,8,4,6,5,0.62,,2,,2,,1.74,,2,,2,,49,28,17,15653,30,22,14,6125,2,1,4,1,2,2,1,,,,,,Mitchell
Zivkovicia compressa,Zivkovicia , compressa,,Zivkovicia   compressa ,Zivk,comp,Zivk comp,173,248,211,99,166,133,86,123,105,35,59,47,,,,0.79,,2,,2,,1.59,,2,,2,,211,133,105,1943090,124,106,84,731599,6,3,4,1,1,1,1,,,,Todorov and Bankov 2019,,Mitchell
Zivkovicia spectabilis,Zivkovicia ,spectabilis,,Zivkovicia  spectabilis ,Zivk,spec,Zivk spec,102,131,117,56,78,67,56,78,67,20,32,26,20,32,26,1.00,1,,,1,,1.74,,2,,2,,117,67,67,348646,71,54,54,136294,6,3,4,1,1,1,1,,,,Todorov and Bankov 2019,,Mitchell
Amphitrema stenostoma & wrightianum,,,,,,,Amph sp.,45,95,70,25,70,48,16,47,32,6,13,10,6,13,10,0.66,,2,,2,,1.47,,2,,2,,70,48,32,69825,40,38,25,25519,6,3,4,2,3,1,2,,,,pooled group,,Ermolaeva
Arcella crenulata,,,,,,,Arce cren,113,160,137,113,160,137,52,58,55,24,53,39,24,53,39,0.40,,2,,2,,1.00,1,,,1,,137,137,55,683183,68,109,44,218618,1,1,1,1,1,1,1,,,,"Deflandre, 1928, from Arcella.nl",,Ermolaeva
Arcella intermedia,,,,,,,Arce inte,48,68,58,48,68,58,30,45,38,13,18,16,13,18,16,0.65,,,,,,1.00,1,,,1,,58,58,38,84100,29,46,30,26912,1,1,1,1,1,1,1,radial,round,invaginated,"Deflandre, 1928",aperture invag 8-13,Ermolaeva
Arcella vulgaris polymorpha,,,,,,,Arce v-po,100,115,108,100,115,108,55,63,59,32,47,40,32,47,40,0.55,,2,,2,,1.00,1,,,1,,108,108,59,454546,54,86,47,145455,1,1,1,1,1,1,1,radial,round,invaginated,"Deflandre, 1928",aperture invag 12-14,Ermolaeva
Argynnia (Nebela) gertrudiana,,,,,,,Argy gert,231,279,255,121,183,152,77,100,89,40,60,50,27,27,27,0.58,,2,,2,,1.68,,2,,2,,255,152,89,2286840,153,122,71,880554,5,1,4,1,1,1,1,biradial,oval,absent,"Jung, 1941 (1942?)",,Ermolaeva
Corythion sp.,,,,,,,Cory sp.,18,60,39,13,37,25,6,24,15,4,19,12,4,19,12,0.61,,2,,2,,1.58,,2,,2,,39,25,15,9653,23,20,12,3622,2,1,2,1,2,2,1,bilateral,oval,invaginated,pooled group,,Ermolaeva
Corythion-trinema,,,,,,,Cory-trin,18,103,61,7,60,34,6,60,33,3,20,12,3,20,12,0.99,1,,,1,,1.81,,2,,2,,61,34,33,44589,38,27,26,17718,2,1,2,1,2,2,1,bilateral,oval,invaginated,pooled group,,Ermolaeva
Difflugia bicornis,,,,,,,Diffl bico,115,143,129,115,143,129,71,102,87,58,72,65,58,72,65,0.67,,2,,2,,1.00,1,,,1,,129,129,87,959631,65,103,69,307082,6,3,4,1,1,1,1,radial,round,absent,"Penard, 1890 (but here arcella.nl)",,Ermolaeva
Difflugia petricola,,,,,,,Diff petr,80,80,80,80,80,80,80,80,80,20,20,20,20,20,20,1.00,1,,,1,,1.00,1,,,1,,80,80,80,341333,40,64,64,109227,6,3,4,1,1,1,1,radial,round,absent,"Cash, J., Hopkinson, J., 1909",neck's h 25-30,Ermolaeva
Euglypha strigosa heterospina,,,,,,,Eugl s-he,65,70,68,55,58,57,24,26,25,16,17,17,16,17,17,0.44,,2,,2,,1.19,1,,,1,,68,57,25,63563,36,45,20,21528,2,1,4,1,2,2,1,biradial,round,absent,"Wailes, 1913",spines 6-26,Ermolaeva
Habrotrocha angusticollis,,,,,,,Habr angu,150,180,165,83,86,85,83,86,85,28,29,29,28,29,29,1.00,1,,,1,,1.95,,2,,2,,165,85,85,785428,106,68,68,323169,1,1,4,1,4,3,1,,,,"Bdelloid rotifer, not a testate amoeba, metrics from https://www.nies.go.jp/chiiki1/protoz/morpho/rotifera/r-habrot.htm",,Ermolaeva
Nebela bohemica,,,,,,,Nebe bohe,65,125,95,61,105,83,12,20,16,88,93,91,22,23,23,0.19,,,3,3,,1.14,1,,,1,,95,83,16,84107,50,66,13,28081,5,3,4,1,1,1,1,biradial,oval,absent,"Taranek, 1882, height amd ap sec d by picture, Mazei book",,Ermolaeva
Nebela minor,,,,,,,Nebe mino,80,100,90,55,70,63,33,42,38,22,28,25,11,14,13,0.60,,2,,2,,1.44,,2,,2,,90,63,38,140625,51,50,30,50940,5,3,4,1,1,1,1,,,,"Penard, 1902, height amd ap sec d by picture, Mazei book",,Ermolaeva
Physochila (Nebela) tenella,,,,,,,Phys tene,70,70,70,40,40,40,20,20,20,30,30,30,30,30,30,0.50,,2,,2,,1.75,,2,,2,,70,40,20,37333,43,32,16,14635,5,3,4,1,1,1,1,biradial,round,absent,"Penard, 1893",,Ermolaeva
Placocista lens,,,,,,,Plac lens,65,75,70,45,70,58,45,70,58,15,23,19,6,9,8,1.00,1,,,1,,1.22,,2,,2,,70,58,58,154292,37,46,46,52593,2,1,4,1,1,1,2,,,,"Penard, 1899, Mazei book",,Ermolaeva
Planocarina maxima,,,,,,,Plan maxi,280,325,303,167,167,167,133,133,133,90,90,90,77,77,77,0.80,,,,0,,1.81,,2,,2,,303,167,133,4479218,188,134,106,1782246,5,3,4,1,1,1,1,biradial,oval,absent,"length by Awerinzew, 1906, other by picture",,Ermolaeva
Pontigulasia sp.,,,,,,,Pont sp.,85,150,118,62,92,77,60,84,72,23,37,30,23,37,30,0.94,1,,,1,,1.53,,2,,2,,118,77,72,434280,68,62,58,160898,6,3,4,1,1,1,1,,,,pooled group,,Ermolaeva
Trigonopyxis arcula group.,,,,,,,Trig a_gr,93,190,142,93,190,142,56,100,78,11,31,21,11,31,21,0.55,,2,,2,,1.00,1,,,1,,142,142,78,1041157,71,113,62,333170,6,3,1,1,1,1,1,radial,lobed,invaginated,pooled group,,Ermolaeva
Difflugia longum,THIS IS FROM ARCELLA.NL CHECK PRIMARY SOURCE,,,,,,Diff long,256,280,268,75,86,81,75,86,81,44,47,46,44,47,46,1.00,1,,,1,,3.33,,,3,3,,268,81,81,1157805,228,64,64,629385,6,3,4,1,1,1,1,radial,round,absent,arcella.nl,,Ermolaeva
